rec,start_time_word,end_time_word,produced_segments,phonemes,phoneme_endtimes,match_status
s0101a,32.216575,32.622045,k ay,k ay,32.376593 32.622045,Match
s0101a,44.617996,44.946848,ah m,ah,44.820731,Mismatch
s0101a,45.355708,45.501487,ay m,m,45.501487,Mismatch
s0101a,47.307796,47.530873,l ah v d,l ah v d,47.354937 47.414937 47.446795 47.530873,Match
s0101a,47.530873,47.658958,ih n,ih n,47.597709 47.658958,Match
s0101a,47.658958,48.144502,k l ah b ah s,k l ah b ah s,47.755626 47.783379 47.847519 47.949904 48.015674 48.144502,Match
s0101a,48.144502,48.311979,m ay,m ay,48.219087 48.311979,Match
s0101a,48.311979,48.737113,eh n t eh r,eh n t eh r,48.389954 48.425891 48.538446 48.649645 48.737113,Match
s0101a,48.737113,49.021891,l ay f,l ay f,48.867695 48.985277 49.021891,Match
s0101a,49.021891,49.287684,th er dx iy,th er dx iy,49.129915 49.194792 49.214937 49.287684,Match
s0101a,49.287684,49.506014,f ow,f ow,49.414937 49.506014,Match
s0101a,49.506014,50.171175,y eh r s,y eh r s,49.607721 49.72427 49.888431 50.171175,Match
s0101a,50.239658,50.556982,ah m,ah m,50.46748 50.556982,Match
s0101a,50.556982,50.764464,b ow r,b ow r,50.656655 50.733274 50.763786,Match
s0101a,50.764464,50.899394,ehn n,n,50.899394,Mismatch
s0101a,50.899394,51.171968,r ey z d,r ey z d,50.952282 51.058057 51.152288 51.171968,Match
s0101a,51.171968,51.237738,ah n,ah n,51.220143 51.237738,Match
s0101a,51.237738,51.309697,n ah,n ah,51.260114 51.309697,Match
s0101a,51.309697,51.503531,w eh s,w eh s,51.384196 51.436405 51.503531,Match
s0101a,51.503531,51.689214,s ay,s ay,51.574726 51.688583,Match
s0101a,51.689214,51.800884,ah f,f,51.800884,Mismatch
s0101a,51.800884,52.473163,k l ah m b eh s,k l ah m b eh s,51.976128 52.00505 52.078369 52.151063 52.171991 52.294131 52.473163,Match
s0101a,53.265089,53.707174,ah m,ah m,53.595272 53.707174,Match
s0101a,56.598353,56.898726,ah m,ah m,56.807789 56.898726,Match
s0101a,56.898726,57.171978,ay m,ay m,57.10553 57.171978,Match
s0101a,57.171978,57.482522,ey,ey,57.482522,Match
s0101a,57.482522,57.890248,ah m,ah m,57.777856 57.89011,Match
s0101a,59.79872,59.938397,ih s,ih s,59.8611 59.938397,Match
s0101a,59.938397,60.118078,k ah nx,k ah nx,60.049596 60.099093 60.118078,Match
s0101a,60.118078,60.212326,ah v,ah v,60.177068 60.212326,Match
s0101a,60.212326,60.318101,ey,ey,60.318101,Match
s0101a,60.318101,60.585251,y ih n iy k,y ih n iy,60.368955 60.411671 60.455066 60.536804,Mismatch
s0101a,60.585251,61.142603,p ah z ah sh ah n,p ah z ah sh ah n,60.66865 60.72425 60.779849 60.86257 60.981228 61.075476 61.142603,Match
s0101a,61.299525,61.444179,ay,ay,61.444179,Match
s0101a,61.444179,61.676901,g eh s,g eh s,61.486625 61.59418 61.676901,Match
s0101a,61.676901,61.864041,ah m,ah m,61.792169 61.864041,Match
s0101a,61.864041,61.982332,ey,ey,61.982332,Match
s0101a,61.982332,62.302058,ah m,ah m,62.188824 62.302058,Match
s0101a,62.518464,62.779446,m ay,m ay,62.628 62.779446,Match
s0101a,63.01875,63.292002,jh aa b,jh aa b,63.134017 63.258099 63.292002,Match
s0101a,63.292002,63.530028,t ay dx el,t ay dx el,63.389188 63.454161 63.486531 63.530028,Match
s0101a,63.530028,63.609188,ah z,ah z,63.580418 63.609188,Match
s0101a,63.609188,63.669188,uh,uh,63.669188,Match
s0101a,63.669188,64.019188,s iy n y er,s iy n y er,63.785617 63.841895 63.889188 63.959188 64.019188,Match
s0101a,64.019188,64.551129,r iy s er ch,r iy s er ch,64.059188 64.139556 64.282624 64.41891 64.551129,Match
s0101a,64.551129,65.178319,uh s ow s iy eh tq,uh s ow s iy eh tq,64.610119 64.719284 64.825059 64.966092 65.0454 65.134247 65.178319,Match
s0101a,65.298333,65.606843,ah m,ah m,65.536327 65.606843,Match
s0101a,66.445583,66.670016,ay,ay,66.670016,Match
s0101a,66.670016,67.053789,r iy s iy v d,r iy s iy v d,66.714767 66.78575 66.893092 66.973101 67.005814 67.053789,Match
s0101a,67.053789,67.409762,m ay,m ay,67.10871 67.409762,Match
s0101a,67.409762,67.754208,ah m,ah m,67.643687 67.754208,Match
s0101a,67.754208,68.211888,b ae sh l er s,b ae sh l er s,67.821334 67.928465 68.034918 68.070854 68.117524 68.211888,Match
s0101a,68.211888,68.683806,m ae s t er s,m ae s t er s,68.254568 68.413115 68.4987 68.538705 68.617358 68.683806,Match
s0101a,68.683806,68.843824,p iy,p iy,68.784157 68.843824,Match
s0101a,68.843824,69.018082,ey ch,ey ch,68.909595 69.018082,Match
s0101a,69.018082,69.137979,d iy,d,69.064189,Mismatch
s0101a,69.137979,69.210835,ih n,ih n,69.185906 69.210835,Match
s0101a,69.210835,69.354062,n er s,n er s,69.234766 69.316421 69.354062,Match
s0101a,69.354062,69.894114,p r ah k t ih sh n ah,p r ah k t ih sh n ah,69.435757 69.452708 69.497459 69.543566 69.624062 69.677818 69.789696 69.818173 69.894114,Match
s0101a,69.894114,70.094137,aa,,,Mismatch
s0101a,70.094137,70.28738,f r ah m,f r ah m,70.185673 70.210083 70.243307 70.28738,Match
s0101a,70.28738,70.51249,hh iy r,hh iy r,70.372135 70.452822 70.51249,Match
s0101a,70.51249,70.698952,f r ah m,f r ah m,70.589109 70.622333 70.654062 70.698952,Match
s0101a,70.698952,70.843376,ow,ow,70.843376,Match
s0101a,70.843376,71.105779,eh sh,eh sh,70.944404 71.105779,Match
s0101a,71.105779,71.387845,y uw,y uw,71.244778 71.387845,Match
s0101a,71.944519,72.467,ae n d,ae n d,72.298458 72.347955 72.467,Match
s0101a,72.467,72.8036,ay m,ay,72.705962,Mismatch
s0101a,72.8036,73.087701,w er k iy ng,w er k iy ng,72.828688 72.906663 72.993453 73.042272 73.087701,Match
s0101a,73.087701,73.289758,d aw n,d aw n,73.116857 73.256534 73.289758,Match
s0101a,73.289758,73.396211,ah t,ah t,73.372479 73.396211,Match
s0101a,73.396211,73.612507,d aa dx,d aa dx,73.449098 73.594878 73.612507,Match
s0101a,73.612507,74.007,hh ao l,hh ao l,73.704721 73.947 74.007,Match
s0101a,74.007,74.171215,ih nx,ih nx,74.142737 74.171215,Match
s0101a,74.171215,74.239019,ah,ah,74.239019,Match
s0101a,74.239019,74.601095,r iy s er ch,r iy s er ch,74.291907 74.394291 74.492188 74.547 74.601095,Match
s0101a,74.601095,75.210563,p uh z ah sh ah n,p uh z ah sh ah n,74.700563 74.750563 74.802474 74.884517 75.039789 75.146242 75.210563,Match
s0101a,75.210563,75.369318,ah m,ah m,75.320499 75.369318,Match
s0101a,75.369318,75.654775,ao s ah,ao s ah,75.494078 75.60799 75.654775,Match
s0101a,75.654775,75.69817,ah,ah,75.69817,Match
s0101a,75.69817,75.907685,n er s,n er s,75.743598 75.837847 75.907685,Match
s0101a,75.907685,76.568778,p r ae k t ih sh n er,p r ae k t ih sh n er,76.037191 76.054821 76.088045 76.130083 76.237892 76.296204 76.428423 76.460291 76.568778,Match
s0101a,76.568778,76.822366,d aw n,d aw n,76.635226 76.790498 76.822366,Match
s0101a,76.822366,77.107823,n eh r,n eh r,76.854912 76.986453 77.107823,Match
s0101a,77.107823,77.37565,dh ae tq,dh ae tq,77.187832 77.349206 77.37565,Match
s0101a,77.427859,77.709248,ah m,ah m,77.636019 77.709248,Match
s0101a,77.824515,77.99606,s iy z,s iy z,77.899778 77.959562 77.99606,Match
s0101a,77.99606,78.465266,p ey sh ah n t s,p ey sh ah n t s,78.108615 78.204898 78.295077 78.344575 78.379562 78.404921 78.465266,Match
s0101a,78.465266,78.573075,ah n,ah n,78.509339 78.573075,Match
s0101a,78.573075,78.920912,f aa l ow,f aa l ow,78.639562 78.788015 78.836156 78.920912,Match
s0101a,78.920912,79.211115,ah p,ah p,79.061945 79.211115,Match
s0101a,79.211115,79.301973,eh n,eh n,79.267392 79.301973,Match
s0101a,79.301973,79.438937,eh n,eh n,79.373845 79.438937,Match
s0101a,79.438937,79.769562,k l ah n ih k,k l ah n ih k,79.544712 79.569562 79.613195 79.660658 79.748125 79.769562,Match
s0101a,80.571707,80.792312,ah m,ah m,80.725865 80.792312,Match
s0101a,80.792312,80.9008,dh ey,dh ey,80.81062 80.9008,Match
s0101a,80.9008,81.062174,s ah r,s ah r,80.992312 81.032312 81.062174,Match
s0101a,81.062174,81.14693,ah v,ah v,81.106925 81.14693,Match
s0101a,81.14693,81.473069,k r ey dx eh d,k r ey dx eh d,81.215412 81.270334 81.372718 81.399162 81.440523 81.473069,Match
s0101a,81.473069,81.532737,dh,dh,81.532737,Match
s0101a,81.532737,82.008723,p ah z ah sh ah n,p ah z ah sh ah n,81.622917 81.674448 81.758525 81.820227 81.923968 81.970753 82.008723,Match
s0101a,82.008723,82.206712,f ow r,f ow r,82.090767 82.174844 82.206712,Match
s0101a,82.206712,82.475218,m iy,m iy,82.277907 82.475218,Match
s0101a,82.85899,83.07054,b ah dx,b ah dx,82.936965 83.046809 83.07054,Match
s0101a,83.07054,83.120715,iy,iy,83.120715,Match
s0101a,83.120715,83.269207,y iy r,y iy r,83.181375 83.231375 83.269207,Match
s0101a,83.269207,83.493639,ah g ow,ah g ow,83.321416 83.401375 83.493639,Match
s0101a,83.493639,83.781808,ae f t er,ae f t er,83.640097 83.675355 83.729599 83.78113,Match
s0101a,83.781808,83.819101,ah,,,Mismatch
s0101a,83.819101,83.934368,hh ae dx,hh ae dx,83.861375 83.918773 83.934368,Match
s0101a,83.934368,84.061375,m ah,m ah,83.987255 84.061375,Match
s0101a,84.061375,84.257117,l ah dx el,l ah dx el,84.126254 84.179142 84.211688 84.257117,Match
s0101a,84.257117,84.512061,b oy,b oy,84.331375 84.512061,Match
s0101a,90.45715,90.797528,ah m,ah m,90.642934 90.797528,Match
s0101a,90.89042,91.127735,w er k ih,w er k ih,90.932437 91.002297 91.065355 91.127735,Match
s0101a,91.127735,91.292437,aa n,aa n,91.242324 91.292437,Match
s0101a,91.292437,91.482437,th r iy,th r iy,91.357592 91.393528 91.482437,Match
s0101a,91.482437,92.07903,d ah f r eh n t,d ah f r eh n t,91.521 91.589483 91.675594 91.742043 91.864769 91.894603 92.07903,Match
s0101a,92.238371,92.640451,ah m,ah m,92.5401 92.640451,Match
s0101a,92.721816,93.060838,r iy s er ch,r iy s er ch,92.771991 92.84861 92.937434 92.997102 93.060838,Match
s0101a,93.060838,93.572437,p r aa jh ah k t s,p r aa jh ah k t s,93.179496 93.214754 93.296119 93.370026 93.446645 93.475123 93.498176 93.572437,Match
s0101a,93.572437,93.676502,w ah th,w ah th,93.608697 93.648024 93.676502,Match
s0101a,93.676502,93.804652,th r iy,th r iy,93.738204 93.766004 93.804652,Match
s0101a,93.804652,94.102437,d ih f er n t,d ih f er n t,93.837198 93.892798 93.99247 94.027728 94.069089 94.102437,Match
s0101a,94.102437,94.806123,f ih z ih sh ah n z,f ih z ih sh ah n z,94.132437 94.178932 94.259619 94.345053 94.469135 94.583724 94.705772 94.806123,Match
s0101a,95.130228,95.370933,t uw,t uw,95.276685 95.370933,Match
s0101a,95.370933,95.466537,er,er,95.466537,Match
s0101a,95.986597,96.372404,ah m,ah m,96.242898 96.372404,Match
s0101a,96.759567,97.262676,s p ah s ah f ih k,s p ah s ah f ih k,96.853137 96.896532 96.95281 97.047736 97.089774 97.148086 97.2125 97.262676,Match
s0101a,97.262676,97.388114,t ah,t ah,97.347431 97.388114,Match
s0101a,97.388114,97.468813,dh ah,dh ah,97.42405 97.468813,Match
s0101a,97.468813,97.876305,ch m ae dx ih k,ch m ae dx ih k,97.620683 97.656619 97.738813 97.768813 97.828813 97.876305,Match
s0101a,97.876305,98.065479,b r ey nx,b r ey nx,97.938685 97.982758 98.041748 98.065479,Match
s0101a,98.065479,98.339409,eh n jh er iy,eh n jh er iy,98.146845 98.19702 98.239737 98.304151 98.339409,Match
s0101a,98.339409,98.929985,s ah r v eh s,s ah r v eh s,98.470272 98.523159 98.592998 98.639783 98.778104 98.929985,Match
s0101a,98.929985,99.170691,l uh k ih ng,l uh k ih ng,98.965244 98.995756 99.081189 99.139501 99.170691,Match
s0101a,99.170691,99.258813,ah tq,ah tq,99.209339 99.258813,Match
s0101a,99.258813,99.419533,l ao ng,l ao ng,99.311046 99.384953 99.419533,Match
s0101a,99.419533,99.611419,t er m,t er m,99.535479 99.565312 99.611419,Match
s0101a,99.611419,100.068421,aw tq k ah m z,aw tq k ah m z,99.68736 99.729399 99.863652 99.946373 99.993836 100.068421,Match
s0101a,100.068421,100.149786,ah n,ah n,100.104357 100.149786,Match
s0101a,100.149786,100.39456,p iy p ah,p iy p ah,100.212166 100.264376 100.33896 100.39456,Match
s0101a,100.39456,100.490164,dh ae tq,dh ae tq,100.429818 100.468467 100.490164,Match
s0101a,100.490164,100.618315,hh ah v,hh ah v,100.568817 100.602719 100.618315,Match
s0101a,100.618315,101.095937,s s t ey n d,s s t ey n d,100.70307 100.846137 100.911907 101.030565 101.065145 101.095937,Match
s0101a,101.095937,101.395937,ch m ae ih k,ch m ae ih k,101.200076 101.227876 101.300427 101.368231 101.395937,Match
s0101a,101.395937,101.613683,b r ey nx,b r ey nx,101.495703 101.545878 101.589273 101.613683,Match
s0101a,101.613683,102.131708,ih n jh r iy z,ih n jh r iy z,101.69776 101.736409 101.805569 101.87812 102.018475 102.131708,Match
s0101a,102.649056,102.732455,dh iy,dh iy,102.692451 102.732455,Match
s0101a,102.732455,102.889761,ah dh ah,ah dh ah,102.809752 102.843654 102.889761,Match
s0101a,102.889761,103.014521,w ah n,w ah n,102.940062 102.984687 103.014521,Match
s0101a,103.014521,103.134264,ah z,ah z,103.082326 103.134264,Match
s0101a,103.134264,103.195117,ah,ah,103.195117,Match
s0101a,103.195117,103.415245,d r ah g,d r ah g,103.262685 103.285739 103.352865 103.415245,Match
s0101a,103.415245,103.850062,s t ah dx iy,s t ah dx iy,103.489152 103.560062 103.632897 103.653917 103.850062,Match
s0101a,104.167196,104.439092,ah m,ah m,104.348234 104.439092,Match
s0101a,104.439092,104.679119,l uh k iy ng,l uh k iy ng,104.462823 104.50215 104.568598 104.648607 104.679119,Match
s0101a,104.679119,104.769977,eh tq,eh tq,104.718446 104.769977,Match
s0101a,104.769977,105.117135,k ah n ch r ow l,k ah n ch r ow l,104.864225 104.892025 104.923215 104.978814 105.025599 105.089336 105.117135,Match
s0101a,105.117135,105.220062,ah v,ah v,105.16392 105.220062,Match
s0101a,105.220062,106.008763,ae jh t ey sh ah n,ae jh t ey sh ah n,105.359197 105.473108 105.595834 105.700062 105.840608 105.93689 106.008763,Match
s0101a,106.562047,106.64748,eh n,eh n,106.623749 106.64748,Match
s0101a,106.64748,106.736982,n iy,n iy,106.674602 106.736982,Match
s0101a,106.736982,106.888864,ah dh ah,ah dh ah,106.811567 106.849537 106.888186,Match
s0101a,106.888864,107.046848,w ah n,ah n,107.005487 107.046848,Mismatch
s0101a,107.046848,107.26111,ih z,ih z,107.183135 107.26111,Match
s0101a,107.26111,107.419772,ey,ey,107.419772,Match
s0101a,107.419772,107.660062,ah m,ah m,107.573688 107.660062,Match
s0101a,107.660062,108.032046,s p ah nx ah l,s p ah nx ah l,107.75337 107.840062 107.931695 107.960062 107.990062 108.032046,Match
s0101a,108.032046,108.19681,k ah dx,k ah dx,108.15206 108.18325 108.19681,Match
s0101a,108.19681,108.63008,ih n jh r iy,ih n jh r iy,108.294449 108.358863 108.417175 108.493794 108.63008,Match
s0101a,109.319651,109.719019,r iy s er ch,r iy s er ch,109.360334 109.415255 109.52781 109.594259 109.719019,Match
s0101a,109.719019,110.163138,s t ah dx iy,s t ah dx iy,109.775975 109.82615 109.940739 109.971251 110.163138,Match
s0101a,113.951368,114.308698,ih t s,ih t s,114.056938 114.141899 114.308698,Match
s0101a,115.256603,115.596938,n ow,n ow,115.464084 115.596938,Match
s0101a,115.596938,115.818701,ah t s,ah t s,115.676938 115.775306 115.818701,Match
s0101a,115.818701,116.026183,ey,ey,116.026183,Match
s0101a,116.026183,116.296938,ah,ah,116.296938,Match
s0101a,116.733382,117.137496,k l ah n ah k ah l,k l ah n ah k ah l,116.863567 116.88662 116.904927 116.939508 116.98019 117.064268 117.113765 117.137496,Match
s0101a,117.137496,117.570766,s t ah dx iy,s t ah dx iy,117.25412 117.306329 117.40329 117.433124 117.570766,Match
s0101a,117.570766,117.81215,w eh r,w eh r,117.673151 117.757906 117.81215,Match
s0101a,117.81215,117.945725,w er,w er,117.892159 117.945725,Match
s0101a,117.945725,118.345771,s iy ng,s iy ng,118.106421 118.294239 118.345771,Match
s0101a,118.345771,118.843455,hh aw,hh aw,118.457648 118.843455,Match
s0101a,118.843455,119.414368,ch r eh d m ih l,ch r eh d m ih l,119.013644 119.04619 119.128233 119.182477 119.252315 119.347241 119.414368,Match
s0101a,119.414368,119.991383,ch r ey n iy ng,ch r ey n iy ng,119.566249 119.623205 119.703214 119.737794 119.897813 119.991383,Match
s0101a,120.330405,120.672793,ah f eh k s,ah f eh k s,120.388039 120.468726 120.529072 120.569754 120.672793,Match
s0101a,120.672793,121.161687,ih m b y ah l ey sh en,ih m b y ah l ey sh en,120.757572 120.796899 120.815813 120.855813 120.902674 120.933864 120.983361 121.107443 121.161687,Match
s0101a,121.161687,121.245813,ih n,ih n,121.199657 121.245813,Match
s0101a,121.245813,121.453245,p iy p el,p iy p el,121.323739 121.357641 121.422733 121.453245,Match
s0101a,121.453245,121.525813,w ah th,w ah th,121.478333 121.506133 121.525813,Match
s0101a,121.525813,121.784809,s p ah nx el,s p ah nx el,121.58004 121.645132 121.696663 121.721073 121.784809,Match
s0101a,121.784809,121.935335,k ow dx,k ow dx,121.885159 121.913637 121.935335,Match
s0101a,121.935335,122.302834,ih n jh r iy,ih n jh r iy,122.02687 122.067553 122.155021 122.208586 122.302834,Match
s0101a,123.748424,123.901662,s ah,s ah,123.853521 123.901662,Match
s0101a,123.901662,124.010827,dh ah r,dh ah r,123.935187 123.975568 124.010827,Match
s0101a,124.010827,124.198645,k ay nx,k ay nx,124.115187 124.168811 124.198645,Match
s0101a,124.198645,124.240684,ah,ah,124.240684,Match
s0101a,124.240684,124.475187,s r eh dx,s r eh dx,124.301029 124.364766 124.443184 124.475187,Match
s0101a,124.475187,124.566823,ah tq,ah tq,124.518682 124.566823,Match
s0101a,124.566823,124.801426,t ah nx iy,t ah nx iy,124.675988 124.715992 124.74447 124.801426,Match
s0101a,124.801426,124.983259,f ay v,f ay v,124.851601 124.961444 124.983259,Match
s0101a,124.983259,125.194319,t w ah nx iy,t w ah nx,125.074677 125.099765 125.122819 125.143838,Mismatch
s0101a,125.194319,125.400984,f ay v,f ay v,125.256393 125.365558 125.400984,Match
s0101a,125.400984,125.60084,t eh m,t eh m,125.503879 125.535747 125.60084,Match
s0101a,125.60084,125.9541,p er s ah n,p er s ah n,125.67 125.708648 125.795187 125.932403 125.9541,Match
s0101a,125.9541,126.100241,n ah s,n ah,125.979188 126.038856,Mismatch
s0101a,126.100241,126.268035,k ah nx,k ah nx,126.20023 126.242269 126.268035,Match
s0101a,126.268035,126.362283,ah v,ah v,126.333127 126.362283,Match
s0101a,126.362283,126.485187,hh aw,hh aw,126.425187 126.485187,Match
s0101a,126.485187,126.641637,ah s,ah s,126.541286 126.641637,Match
s0101a,126.641637,127.013205,d ah v ay d ih dx,d ah v ay d ih dx,126.701305 126.730461 126.765719 126.885187 126.932518 126.990829 127.013205,Match
s0101a,127.013205,127.328495,aw t,aw,127.207803,Mismatch
s0101a,127.519704,127.83635,b ih t w iy n,b ih t w iy n,127.609205 127.636327 127.722063 127.752273 127.820077 127.83635,Match
s0101a,127.83635,127.900764,n ah,n ah,127.859404 127.900764,Match
s0101a,127.900764,128.541516,p r aa jh ah k s,p r aa jh ah k s,128.014676 128.062817 128.128587 128.207918 128.308947 128.403873 128.541516,Match
s0101a,134.866308,135.076502,em hh em,em hh em,134.942927 134.993103 135.076502,Match
s0101a,141.945086,142.288176,ah m,ah m,142.152568 142.288176,Match
s0101a,144.551487,144.614545,ah,ah,144.614545,Match
s0101a,144.614545,144.788124,n er s,n er s,144.654549 144.743373 144.788124,Match
s0101a,144.788124,145.438368,p ah k t ih sh n er,p ah k t ih sh n er,144.899323 144.939328 144.978654 145.069512 145.138673 145.241057 145.279028 145.438368,Match
s0101a,145.438368,145.946223,hh ae z,hh ae z,145.576011 145.845194 145.946223,Match
s0101a,145.946223,146.361186,m ow r,m ow r,146.050641 146.220375 146.361186,Match
s0101a,146.361186,147.174838,ah th ow r ih dx iy,ah th ow r ih dx iy,146.49815 146.628335 146.74428 146.780375 146.854801 146.880375 147.174838,Match
s0101a,147.174838,147.253491,ay,ay,147.253491,Match
s0101a,147.253491,147.658283,g ah s,g ah s,147.330375 147.495553 147.658283,Match
s0101a,147.658283,148.115285,t uw,t uw,147.828472 148.115285,Match
s0101a,148.115285,148.791973,d ay ah g n ow s,d ay ah g n ow s,148.256375 148.350566 148.424473 148.46719 148.53296 148.696375 148.791973,Match
s0101a,148.791973,148.922835,en,en,148.922835,Match
s0101a,148.922835,149.100483,s iy,s iy,149.050985 149.100483,Match
s0101a,149.100483,149.817175,p ey sh ah n t s,p ey sh ah n t s,149.234735 149.325593 149.446375 149.543245 149.586375 149.608337 149.817175,Match
s0101a,149.875487,150.11875,ah m,ah,150.038895,Mismatch
s0101a,150.11875,150.158909,ah,ah,150.158909,Match
s0101a,150.158909,150.369781,s t ey dx,s t ey dx,150.23875 150.275533 150.348761 150.369781,Match
s0101a,150.369781,150.45657,ah v,ah v,150.421312 150.45657,Match
s0101a,150.45657,150.839665,ah hh ay ow,ah hh ay ow,150.512848 150.592857 150.74875 150.839665,Match
s0101a,150.839665,151.17875,ih z,ih z,150.992225 151.17875,Match
s0101a,151.595006,151.65942,ay,ay,151.65942,Match
s0101a,151.65942,151.837746,th ih ng k,th ih ng k,151.71502 151.780112 151.807912 151.837746,Match
s0101a,151.837746,151.90894,dh iy,dh iy,151.868936 151.90894,Match
s0101a,151.90894,152.117,ow n l iy,ow n l iy,151.982847 152.022174 152.059466 152.117,Match
s0101a,152.117,152.458156,s t ey t,s t ey t,152.235079 152.281186 152.417 152.458156,Match
s0101a,152.458156,152.635125,dh eh tq,dh eh tq,152.545623 152.590374 152.635125,Match
s0101a,152.635125,152.907,hh ae z,hh ae z,152.724627 152.821587 152.907,Match
s0101a,152.907,152.951772,ey,ey,152.951772,Match
s0101a,152.951772,153.442675,g eh v eh n,g eh v eh n,153.035171 153.127385 153.156541 153.32334 153.442675,Match
s0101a,153.882726,154.225138,ah m,ah m,154.138348 154.225138,Match
s0101a,154.392615,154.592638,n er sh,n er sh,154.463131 154.535437 154.592638,Match
s0101a,154.592638,155.405016,p r ae k t uh sh n er z,p r ae k t uh sh n er,154.689598 154.707227 154.732993 154.784524 154.864533 154.922167 155.024552 155.050317 155.235423,Mismatch
s0101a,155.405016,155.952312,p r ah s k ah p t ah v,p r ah s k ah p t ah v,155.520202 155.536475 155.550036 155.622586 155.689035 155.729039 155.771756 155.837526 155.895838 155.952312,Match
s0101a,155.952312,156.346059,ah th ow r ah t iy,ah th ow r ah t iy,156.000935 156.099929 156.167055 156.211806 156.236894 156.266728 156.346059,Match
s0101a,156.346059,156.502009,w ah r,w ah r,156.420644 156.461326 156.502009,Match
s0101a,156.502009,156.584052,w ih,w ih,156.532312 156.584052,Match
s0101a,156.584052,156.737375,k ah n,k ah n,156.67491 156.697375 156.737375,Match
s0101a,156.737375,156.870865,r ah dx,r ah dx,156.777375 156.842387 156.870865,Match
s0101a,156.870865,156.975962,ah r,ah,156.910192,Mismatch
s0101a,156.975962,157.077375,ow m,ow m,157.040376 157.077375,Match
s0101a,157.077375,157.774697,p r ah s k ah p sh ah n z,p r ah s k ah p sh ah n z,157.120385 157.150897 157.179375 157.25057 157.329901 157.359057 157.434997 157.497375 157.59705 157.668245 157.774697,Match
s0101a,158.305707,158.655476,s ow,s ow,158.46875 158.655476,Match
s0101a,158.655476,158.755088,w iy,w iy,158.687344 158.754212,Match
s0101a,158.755088,158.96263,k ih n,ih n,158.891436 158.96263,Mismatch
s0101a,158.96263,159.161297,s iy,s iy,159.088068 159.161297,Match
s0101a,159.161297,159.639996,p ey sh ah n s,p ey sh ah n s,159.275208 159.383695 159.47875 159.516592 159.565411 159.639996,Match
s0101a,159.639996,159.781029,d uw,d uw,159.712547 159.781029,Match
s0101a,159.781029,159.866463,dh ah,dh ah,159.80875 159.866463,Match
s0101a,159.866463,160.584511,f eh z ah k el z,f eh z ah k el z,159.944438 160.035974 160.109202 160.145139 160.271255 160.492975 160.584511,Match
s0101a,161.310696,161.442236,w iy,w iy,161.375788 161.442236,Match
s0101a,161.442236,161.917545,k ae n,k ae n,161.661923 161.852453 161.917545,Match
s0101a,162.049086,162.598979,s uw g jh eh s t,s uw g jh eh s t,162.154861 162.236226 162.265382 162.327084 162.451844 162.555584 162.598979,Match
s0101a,162.598979,163.411954,m eh dx ah k ey sh ah n z,m eh dx ah k ey sh ah n z,162.634916 162.700375 162.725095 162.76849 162.890375 163.005128 163.170375 163.258716 163.348896 163.411954,Match
s0101a,163.411954,163.517729,ay,ay,163.517729,Match
s0101a,163.517729,163.710293,g eh s,g eh s,163.567904 163.660118 163.710293,Match
s0101a,163.710293,163.883194,p er,p er,163.825561 163.883194,Match
s0101a,163.883194,164.085251,s ey,s ey,163.988969 164.085251,Match
s0101a,164.085251,164.226284,b ah t,b ah t,164.160375 164.190375 164.226284,Match
s0101a,164.226284,164.384269,dh eh n,dh eh n,164.277138 164.343586 164.384269,Match
s0101a,164.384269,164.455463,n ah,n ah,164.426307 164.455463,Match
s0101a,164.455463,164.848051,f ih z ah sh en,f ih z ah sh en,164.542931 164.574121 164.628364 164.702271 164.801266 164.848051,Match
s0101a,164.848051,165.074517,hh ae z,hh ae z,164.920375 165.004679 165.074517,Match
s0101a,165.074517,165.136897,t,t,165.136897,Match
s0101a,165.136897,165.343701,k ah m,k ah m,165.249453 165.280375 165.343701,Match
s0101a,165.343701,165.470375,ih n,ih n,165.427778 165.470375,Match
s0101a,165.470375,165.915292,k ah m f er m,k ah m f er m,165.57966 165.629835 165.679332 165.750375 165.851556 165.915292,Match
s0101a,165.915292,166.031915,aa r,aa r,165.98513 166.031915,Match
s0101a,166.031915,166.518073,f ay n d ih ng z,f ay n d ih ng z,166.132266 166.272621 166.308557 166.330375 166.389244 166.450946 166.518073,Match
s0101a,166.518073,166.606218,ah n,ah n,166.578419 166.606218,Match
s0101a,166.606218,166.729622,n eh n,n eh n,166.638086 166.682837 166.729622,Match
s0101a,166.729622,166.853026,hh iy,hh iy,166.775729 166.853026,Match
s0101a,166.853026,167.185946,ae k sh l uh,ae k sh l uh,166.987279 167.040844 167.122888 167.150375 167.185946,Match
s0101a,167.185946,167.463266,r ay t s,r ay t s,167.245614 167.362915 167.402242 167.463266,Match
s0101a,167.463266,167.545987,dh ah,dh ah,167.522256 167.545987,Match
s0101a,167.545987,168.275562,p r ah s k r ah p sh ah n z,p r ah s k r ah p sh ah n z,167.627352 167.643625 167.668713 167.756859 167.813136 167.836868 167.860375 167.927048 168.000375 168.059944 168.140375 168.275562,Match
s0101a,175.951018,176.374118,y eh s,y eh s,176.004584 176.047301 176.374118,Match
s0101a,176.705681,176.780944,en,en,176.780944,Match
s0101a,176.780944,176.976899,ae s,ae s,176.8657 176.976899,Match
s0101a,176.976899,177.0535,w ah tq,w ah tq,177.005377 177.0235 177.0535,Match
s0101a,177.0535,177.128781,ay,ay,177.128781,Match
s0101a,177.128781,177.442715,l ay k,l ay k,177.1935 177.296935 177.442715,Match
s0101a,180.855309,181.458768,k er eh k t,k er eh k t,181.007869 181.125849 181.230946 181.311633 181.458768,Match
s0101a,195.227805,195.708538,ih k z ae k l iy,ih k z ae k l iy,195.295609 195.326799 195.391891 195.49292 195.574963 195.618358 195.708538,Match
s0101a,196.318099,196.785949,eh z ae k l iy,eh z ae k l iy,196.381157 196.466591 196.569653 196.67136 196.720857 196.785949,Match
s0101a,196.995465,197.193454,b uh t,b uh t,197.080898 197.112766 197.193454,Match
s0101a,197.275497,197.381272,w iy,w,197.310077,Mismatch
s0101a,197.381272,197.661304,w er k ih n,w er k ih n,197.415852 197.487725 197.57675 197.634182 197.661304,Match
s0101a,197.661304,197.735211,aa nx,aa nx,197.711479 197.735211,Match
s0101a,197.735211,197.856581,eh tq,eh tq,197.821322 197.856581,Match
s0101a,197.856581,197.984731,w iy v,w iy v,197.90675 197.948794 197.984731,Match
s0101a,197.984731,198.173227,g ah dx ah,g ah dx ah,198.057281 198.119662 198.136613 198.173227,Match
s0101a,198.173227,198.414611,k ah p el,k ah p el,198.275612 198.30748 198.384099 198.414611,Match
s0101a,198.414611,198.637009,hh aw z,hh aw z,198.475635 198.565814 198.637009,Match
s0101a,198.637009,198.895344,b ah l z,b ah l z,198.721086 198.811944 198.846525 198.895344,Match
s0101a,198.895344,199.05265,ih n,ih n,198.982133 199.05265,Match
s0101a,199.05265,199.193005,r ay tq,r ay tq,199.079772 199.151644 199.193005,Match
s0101a,199.193005,199.479139,n aw,n aw,199.255385 199.479139,Match
s0101a,199.479139,199.70086,ih n d,ih n d,199.578812 199.656109 199.70086,Match
s0101a,200.313811,200.524683,s iy,s iy,200.451454 200.524683,Match
s0101a,200.524683,200.702625,hh aw,hh aw,200.601302 200.702625,Match
s0101a,200.702625,200.957953,th ih ng z,th ih ng z,200.776237 200.82031 200.892625 200.957953,Match
s0101a,200.957953,201.15323,g ow,g ow,201.032625 201.15323,Match
s0101a,202.162159,202.307938,b ih,b ih,202.282173 202.307938,Match
s0101a,202.307938,202.748667,ih k s ay dx ih ng,ih k s ay dx ih ng,202.343197 202.404899 202.507961 202.609668 202.63679 202.704594 202.748667,Match
s0101a,205.323877,205.774098,y eh s,y eh s,205.39236 205.504915 205.774098,Match
s0101a,207.016953,207.070518,ah,ah,207.070518,Match
s0101a,207.070518,207.264439,l ah v,l ah v,207.120693 207.216976 207.264439,Match
s0101a,207.264439,207.545827,ah hh ay ah,ah hh ay ah,207.331565 207.387843 207.469208 207.545827,Match
s0101a,207.545827,207.913327,s t ey t,s t ey t,207.644821 207.789245 207.857727 207.913327,Match
s0101a,207.913327,208.181832,b ah dx,b ah dx,207.998082 208.156744 208.181832,Match
s0101a,208.181832,208.297099,ah,ah,208.297099,Match
s0101a,208.297099,208.458474,dx ow n tq,dx ow n tq,208.328289 208.409655 208.430674 208.458474,Match
s0101a,208.860554,208.998197,eh,eh,208.998197,Match
s0101a,208.998197,209.234937,g eh s,g eh s,209.064937 209.165674 209.234937,Match
s0101a,209.234937,209.394174,f ah m,f ah m,209.2884 209.325692 209.394174,Match
s0101a,209.394174,209.439603,ah,ah,209.439603,Match
s0101a,209.439603,209.689123,k r ih r,k r ih r,209.573178 209.606402 209.659968 209.689123,Match
s0101a,209.689123,210.270207,p er s p eh k t ih v,p er s p eh k t ih v,209.794898 209.845074 209.91898 209.992887 210.064082 210.124937 210.182061 210.241051 210.270207,Match
s0101a,210.270207,210.374937,dh ey,dh ey,210.294937 210.374937,Match
s0101a,210.374937,210.564937,s ey,s ey,210.481757 210.564937,Match
s0101a,210.564937,210.721784,ih s,ih s,210.624937 210.721784,Match
s0101a,210.721784,210.853325,n aa dx,n aa dx,210.746194 210.835696 210.853325,Match
s0101a,210.853325,210.891973,ih,ih,210.891973,Match
s0101a,210.891973,211.009275,g uh dx,g uh dx,210.952997 210.987577 211.009275,Match
s0101a,211.009275,211.318463,ay d iy ih,ay d iy ih,211.130645 211.203873 211.284937 211.318463,Match
s0101a,211.318463,211.397794,d ih,d ih,211.36457 211.397794,Match
s0101a,211.397794,211.54832,g eh t,g eh t,211.450003 211.505603 211.54832,Match
s0101a,211.54832,211.677148,aa,aa,211.677148,Match
s0101a,211.677148,211.805298,y er,y er,211.724937 211.805298,Match
s0101a,211.805298,212.136862,d uh g r iy z,d uh g r iy z,211.858186 211.879205 211.95718 211.997185 212.08194 212.136862,Match
s0101a,212.136862,212.279929,f em,f em,212.193817 212.279929,Match
s0101a,212.279929,212.422318,aa m,aa m,212.363328 212.422318,Match
s0101a,212.422318,212.746423,p l ey s,p l ey s,212.530127 212.606746 212.673872 212.746423,Match
s0101a,212.746423,212.928817,b ah tq,b ah tq,212.824398 212.890168 212.928817,Match
s0101a,213.472608,213.557363,ah,ah,213.557363,Match
s0101a,213.557363,213.773437,dx ow n,dx ow n,213.594656 213.722128 213.773437,Match
s0101a,213.773437,214.086916,ih n t eh n,ih n t eh n,213.842142 213.882825 213.952663 214.025892 214.086916,Match
s0101a,214.086916,214.15472,d ah,d ah,214.105901 214.15472,Match
s0101a,214.15472,214.31406,eh v er,eh v er,214.206251 214.238798 214.31406,Match
s0101a,214.31406,214.493064,l iy v,l iy v,214.363437 214.467298 214.492386,Match
s0101a,214.493064,214.657151,hh iy r,iy r,214.603437 214.657151,Mismatch
s0101a,214.657151,214.937861,s ow,s ow,214.779877 214.937861,Match
s0101a,218.326046,218.398596,ah,ah,218.398596,Match
s0101a,218.398596,218.619639,l ah v,l ah v,218.462333 218.568107 218.619639,Match
s0101a,220.61241,221.051782,y eh s,y eh s,220.658517 220.712 221.051782,Match
s0101a,222.622131,223.024211,y eh s,y eh s,222.671629 222.719092 223.024211,Match
s0101a,225.26718,225.627222,y eh s,y eh s,225.299687 225.400077 225.627222,Match
s0101a,225.701807,225.874708,ay,ay,225.874708,Match
s0101a,225.874708,225.953361,ah,ah,225.953361,Match
s0101a,225.993365,226.267295,ah m,ah m,226.140501 226.267295,Match
s0101a,227.122308,227.525744,ah,ah,227.525744,Match
s0101a,227.935283,228.220739,l ow r dx iy,l ow r dx iy,228.00919 228.083775 228.121067 228.144313 228.220739,Match
s0101a,228.332617,228.543488,ah m,ah m,228.464835 228.543488,Match
s0101a,228.867593,229.01375,g r uw,g r,228.956417 228.986929,Mismatch
s0101a,229.01375,229.133386,ah p,ah p,229.058802 229.133386,Match
s0101a,229.133386,229.21882,aa n,aa n,229.195088 229.21882,Match
s0101a,229.21882,229.282556,n ah,n ah,229.241873 229.282556,Match
s0101a,229.282556,229.681924,w eh s ah dx,w eh s ah dx,229.314424 229.40375 229.514447 229.660905 229.681924,Match
s0101a,229.681924,229.796513,ah,ah,229.796513,Match
s0101a,229.796513,229.917205,w eh n,w eh n,229.83375 229.886015 229.917205,Match
s0101a,229.917205,229.99179,t ah,t ah,229.970092 229.99179,Match
s0101a,230.757301,231.092933,m ay,m ay,230.856296 231.092933,Match
s0101a,231.092933,231.706563,hh ah z b eh n d,hh ah z b eh n d,231.193962 231.282107 231.345843 231.431277 231.559427 231.655709 231.706563,Match
s0101a,231.706563,232.002868,w eh n tq,w eh n tq,231.801489 231.907264 231.949302 232.002868,Match
s0101a,232.002868,232.13373,t,t,232.13373,Match
s0101a,232.673453,233.06975,ah m,ah m,232.938568 233.06975,Match
s0101a,233.325731,233.80575,p r aa k s ih m ih dx iy,p r aa k s ih m ih dx iy,233.434218 233.45795 233.488462 233.546096 233.628139 233.65575 233.715607 233.737982 233.761714 233.80575,Match
s0101a,233.80575,234.035643,w ay z,w ay z,233.89122 233.990892 234.035643,Match
s0101a,234.035643,234.119721,uh z,uh z,234.086497 234.119721,Match
s0101a,234.119721,234.366529,p r aa l iy,p r aa l iy,234.222105 234.259398 234.284485 234.329236 234.366529,Match
s0101a,234.366529,234.572654,w ih dh ih nx,w ih dh ih nx,234.402465 234.435689 234.493323 234.549601 234.572654,Match
s0101a,234.572654,234.603166,ah,ah,234.603166,Match
s0101a,234.603166,234.856076,m ay l,m ay l,234.660122 234.801833 234.856076,Match
s0101a,234.856076,234.925915,ah v,ah v,234.895403 234.925915,Match
s0101a,234.925915,235.110343,iy ch,iy ch,234.995075 235.110343,Match
s0101a,235.110343,235.35575,ah dh er,ah dh er,235.193742 235.230357 235.35575,Match
s0101a,235.35575,235.473096,w iy,w iy,235.41575 235.473096,Match
s0101a,235.473096,235.532086,er,er,235.532086,Match
s0101a,235.532086,235.709055,k ah n,k ah n,235.637183 235.68329 235.709055,Match
s0101a,235.709055,235.790421,ah v,ah v,235.759231 235.790421,Match
s0101a,235.790421,235.917893,hh ay,hh ay,235.84575 235.917893,Match
s0101a,235.917893,236.11575,s k uw l,s k uw,235.973493 236.04575 236.079945,Mismatch
s0101a,236.11575,236.788501,s w iy hh aa r t s,s w iy hh aa r t s,236.223013 236.250813 236.332178 236.427782 236.524064 236.57575 236.67575 236.788501,Match
s0101a,236.788501,237.002085,eh n d,eh n d,236.907837 236.972929 237.002085,Match
s0101a,237.339751,237.465867,dh ah,dh ah,237.423828 237.465867,Match
s0101a,237.465867,237.585203,hh ow l,hh ow l,237.50994 237.555369 237.585203,Match
s0101a,237.585203,237.893713,b ih tq,b ih tq,237.686231 237.874727 237.893713,Match
s0101a,237.954737,238.180525,ah m,ah m,238.110687 238.180525,Match
s0101a,238.50463,238.647697,hh ih z,hh ih z,238.540312 238.59142 238.647697,Match
s0101a,238.647697,238.981973,d ae d,d ae d,238.723638 238.925017 238.981973,Match
s0101a,238.981973,239.294551,s t ih l,s t ih l,239.080967 239.160977 239.259971 239.294551,Match
s0101a,239.294551,239.606451,l ih v z,l ih v z,239.350312 239.452535 239.493896 239.606451,Match
s0101a,239.606451,239.705446,ih n,ih n,239.653915 239.705446,Match
s0101a,239.705446,239.86343,g r ow v,g r ow v,239.750875 239.786811 239.831562 239.86343,Match
s0101a,239.86343,240.157701,s ih dx iy,s ih dx iy,239.971239 240.046502 240.077692 240.157701,Match
s0101a,240.157701,240.310261,m ah,m ah,240.238388 240.310261,Match
s0101a,240.310261,240.606566,m aa m,m aa m,240.380777 240.519776 240.606566,Match
s0101a,240.606566,240.809979,l ah v z,l ah v z,240.632332 240.734038 240.76116 240.809979,Match
s0101a,240.809979,241.183581,s t ih l,s t ih l,240.876428 240.957793 241.118489 241.183581,Match
s0101a,241.495482,241.645313,eh dh,eh dh,241.613461 241.645313,Match
s0101a,241.645313,241.925361,aa r,aa r,241.824333 241.925361,Match
s0101a,241.925361,242.025034,ow l,ow,241.995878,Mismatch
s0101a,242.025034,242.325313,f ae m l iy,f ae m l iy,242.109789 242.20675 242.256925 242.294895 242.325313,Match
s0101a,242.325313,242.673244,hh aw s,hh aw s,242.370836 242.512547 242.673244,Match
s0101a,242.673244,242.83394,dh eh r,dh eh r,242.739014 242.802072 242.83394,Match
s0101a,242.83394,242.922086,aa n,aa n,242.894286 242.922086,Match
s0101a,242.922086,242.997349,n ah,n ah,242.943783 242.997349,Match
s0101a,242.997349,243.519442,w eh s s ay d,w eh s s ay d,243.055313 243.126177 243.200762 243.265176 243.498423 243.519442,Match
s0101a,243.985937,244.116799,eh n,eh n,244.080185 244.116799,Match
s0101a,244.116799,244.259866,w iy,w iy,244.189312 244.259866,Match
s0101a,244.259866,244.769755,m uw v d,m uw v d,244.362251 244.596176 244.644995 244.769755,Match
s0101a,244.858579,245.158274,ah m,ah m,245.058602 245.158274,Match
s0101a,245.40237,245.658671,ao l s ow,ao l s ow,245.46136 245.496618 245.61392 245.658671,Match
s0101a,245.658671,245.73868,ah n,ah n,245.710202 245.73868,Match
s0101a,245.73868,245.815299,n ah,n ah,245.762411 245.815299,Match
s0101a,245.815299,246.211954,w eh s ay d,w eh s ay d,245.849562 245.919718 246.042443 246.17534 246.211954,Match
s0101a,246.211954,246.624205,p r aa l iy,p r aa l iy,246.292642 246.3279 246.380787 246.428928 246.624205,Match
s0101a,246.624205,246.889562,k ah p el,k ah p el,246.76456 246.789648 246.848638 246.889562,Match
s0101a,246.889562,247.144943,m ay l z,m ay l z,246.929562 247.053407 247.096124 247.144943,Match
s0101a,247.144943,247.25682,f ah m,f ah m,247.196474 247.223596 247.25682,Match
s0101a,247.25682,247.388361,m ay,m ay,247.292078 247.388361,Match
s0101a,247.388361,247.699562,m aa m,m aa m,247.442604 247.622286 247.699562,Match
s0101a,251.297961,251.415941,n ow,n ow,251.332541 251.415941,Match
s0101a,254.427134,254.603425,n ow,n ow,254.472562 254.603425,Match
s0101a,256.527713,256.687732,n ah,n ah,256.580601 256.687732,Match
s0101a,266.802112,266.955349,f er,f er,266.895682 266.955349,Match
s0101a,266.955349,267.144524,m iy,m iy,267.02451 267.144524,Match
s0101a,267.144524,267.878167,p er s n ah l iy,p er s n ah l iy,267.299796 267.413707 267.520838 267.558808 267.608984 267.661871 267.878167,Match
s0101a,268.282563,268.651815,ah m,ah m,268.506036 268.651815,Match
s0101a,269.060676,269.363083,f ae m l iy,f ae m l iy,269.098563 269.237645 269.285108 269.312908 269.363083,Match
s0101a,269.363083,269.650574,b iy ng,b iy ng,269.435634 269.584125 269.650574,Match
s0101a,269.650574,270.262847,k l ow s,k l ow s,269.757705 269.805846 269.959084 270.262847,Match
s0101a,270.70561,270.906311,ah,ah,270.906311,Match
s0101a,270.906311,271.135158,b ow s,b ow s,270.995135 271.085992 271.135158,Match
s0101a,271.135158,271.344327,s ay z,s ay z,271.190411 271.272454 271.344327,Match
s0101a,271.344327,271.439253,ah v,ah v,271.395563 271.439253,Match
s0101a,271.439253,271.470443,dh,dh,271.470443,Match
s0101a,271.470443,271.755563,f ae m l iy,f ae m l iy,271.489429 271.617579 271.677247 271.704368 271.755563,Match
s0101a,271.755563,271.855572,eh r,eh r,271.794955 271.855572,Match
s0101a,271.855572,272.216292,hh iy r,hh iy r,271.926089 271.995927 272.216292,Match
s0101a,272.652274,272.995364,ah m,ah m,272.870563 272.995364,Match
s0101a,273.470187,273.568311,f uh,f uh,273.527628 273.568311,Match
s0101a,273.568311,273.761553,m iy,m iy,273.626623 273.761553,Match
s0101a,273.761553,274.210418,f uh m ih l y el,f uh m ih l y el,273.849699 273.870718 273.908011 274.045654 274.108034 274.150187 274.210418,Match
s0101a,275.863489,275.99164,ay,,,Mismatch
s0101a,275.99164,276.235735,d ow n tq,d ow n tq,276.039781 276.175389 276.202511 276.235735,Match
s0101a,276.235735,276.666293,l ay k,l ay k,276.386261 276.523904 276.666293,Match
s0101a,276.666293,276.699517,ah,ah,276.699517,Match
s0101a,276.699517,276.843263,l aa dx,l aa dx,276.73681 276.813187 276.843187,Match
s0101a,276.843263,276.894794,ah,,,Mismatch
s0101a,276.894794,277.230426,ch ey n jh,ch ey n jh,277.0243 277.123295 277.167368 277.230426,Match
s0101a,277.230426,277.268396,ah,ah,277.268396,Match
s0101a,277.268396,277.387732,l aa dx,l aa dx,277.309079 277.361966 277.387732,Match
s0101a,277.387732,277.460283,ih,,,Mismatch
s0101a,277.460283,277.620979,n uw,n uw,277.51317 277.620979,Match
s0101a,277.620979,278.149853,th ih ng z,th ih ng z,277.72472 277.870499 278.014922 278.149853,Match
s0101a,278.737039,279.166241,ah m,ah m,279.010969 279.166241,Match
s0101a,280.853892,281.007808,f er,f er,280.922374 281.007808,Match
s0101a,281.007808,281.4126,m iy,m iy,281.07629 281.4126,Match
s0101a,282.205911,282.298803,ay,ay,282.298803,Match
s0101a,282.298803,282.447313,w uh z,w uh z,282.350335 282.394407 282.447313,Match
s0101a,282.447313,282.782927,uh n v aa l v d,uh n v aa l v d,282.49408 282.52866 282.555782 282.669693 282.698849 282.727313 282.782927,Match
s0101a,282.782927,283.01414,ih n,ih n,282.862258 283.01414,Match
s0101a,283.01414,283.267728,ay,ay,283.267728,Match
s0101a,283.267728,283.387742,eh,eh,283.387742,Match
s0101a,283.387742,283.648789,s w ae m,s w ae m,283.484024 283.51657 283.596579 283.648789,Match
s0101a,283.648789,283.75931,f er,f er,283.696252 283.75931,Match
s0101a,283.75931,283.86305,ow,ow,283.86305,Match
s0101a,283.86305,284.070532,eh z,eh z,283.959333 284.070532,Match
s0101a,284.070532,284.125453,y uw,y uw,284.090873 284.125453,Match
s0101a,284.125453,284.560079,s w ih m ih ng,s w ih m ih ng,284.252926 284.288862 284.31734 284.397313 284.526177 284.560079,Match
s0101a,284.560079,284.671279,ae ng,ae ng,284.620425 284.671279,Match
s0101a,284.671279,284.825195,g aa tq,g aa tq,284.708571 284.771629 284.825195,Match
s0101a,284.825195,285.002842,r ah l,r ah l,284.907313 284.962838 285.002842,Match
s0101a,285.002842,285.366952,ah n v aa l v d,ah n v aa l v d,285.0659 285.105227 285.145231 285.251684 285.275416 285.301859 285.366952,Match
s0101a,285.366952,285.476795,w ih th,w ih th,285.387293 285.43001 285.476795,Match
s0101a,285.476795,285.584604,dh ah,dh ah,285.553414 285.584604,Match
s0101a,285.584604,285.659189,ow,ow,285.659189,Match
s0101a,285.659189,285.795475,ah sh,ah sh,285.708008 285.795475,Match
s0101a,285.795475,285.849719,y uw,y uw,285.815817 285.849719,Match
s0101a,285.849719,286.287735,s p ao r t s,s p ao r t s,285.915489 286.015162 286.091781 286.172468 286.20976 286.287735,Match
s0101a,286.287735,286.3691,en,en,286.3691,Match
s0101a,286.3691,286.501997,jh ah s,jh ah s,286.405715 286.45589 286.501997,Match
s0101a,286.501997,286.587313,dh ah,dh ah,286.557597 286.587313,Match
s0101a,286.587313,286.929165,s p ao r dx ih ng,s p ao r dx ih ng,286.655913 286.731854 286.778639 286.801692 286.82339 286.858648 286.929165,Match
s0101a,286.929165,287.513638,p r ow g r ae m z,p r ow g r ae m z,286.999003 287.037652 287.081046 287.164446 287.207313 287.34684 287.418712 287.513638,Match
s0101a,287.513638,287.649247,eh n,eh n,287.616023 287.649247,Match
s0101a,287.995728,288.078449,ah,ah,288.078449,Match
s0101a,288.078449,288.209311,l ah v,l ah v,288.128624 288.173375 288.209311,Match
s0101a,288.209311,288.437812,ah hh ay ow,ah hh ay ow,288.259487 288.319154 288.387562 288.437812,Match
s0101a,288.437812,288.655464,s t ey tq,s t ey tq,288.510363 288.563928 288.606645 288.655464,Match
s0101a,288.655464,289.317562,f uh tq b ao l,f uh tq b ao l,288.742254 288.765985 288.803278 288.942955 289.182304 289.317562,Match
s0101a,289.46098,289.723383,s ow,s ow,289.61354 289.723383,Match
s0101a,289.723383,289.884758,ay,ay,289.884758,Match
s0101a,289.884758,290.052913,ay,ay,290.052913,Match
s0101a,290.052913,290.276667,l ay k,l ay k,290.09975 290.215643 290.276667,Match
s0101a,290.276667,290.390578,dh uh,dh uh,290.352608 290.390578,Match
s0101a,290.390578,290.775707,s p ow r t s,s p ow r t s,290.465163 290.55975 290.62586 290.672645 290.718752 290.775707,Match
s0101a,291.067944,291.20875,dh eh,dh eh,291.141851 291.20875,Match
s0101a,291.20875,291.24875,ih,ih,291.24875,Match
s0101a,291.24875,291.417137,l aa dx,l aa dx,291.285596 291.391371 291.417137,Match
s0101a,291.417137,291.459175,ah,ah,291.459175,Match
s0101a,291.459175,291.897192,ae k t ih v ih dx iy z,ae k t ih v ih dx iy z,291.509351 291.56875 291.624618 291.687676 291.718866 291.745988 291.764973 291.848373 291.897192,Match
s0101a,291.897192,292.005001,t uh,t uh,291.96703 292.005001,Match
s0101a,292.005001,292.123658,dx uw,dx uw,292.024664 292.123658,Match
s0101a,292.123658,292.304696,t uw,t uw,292.239604 292.304696,Match
s0101a,292.304696,292.44875,n aw,n aw,292.344023 292.44875,Match
s0101a,292.44875,292.563031,w ah th,w ah th,292.47875 292.50875 292.563031,Match
s0101a,292.563031,292.67762,m ah,m ah,292.58875 292.67762,Match
s0101a,292.67762,292.859336,l ah dx el,l ah dx el,292.722371 292.781361 292.815941 292.859336,Match
s0101a,292.859336,293.199036,b oy,b oy,292.937311 293.199036,Match
s0101a,293.707569,294.215424,g ow ey ng,g ow ey ng,293.806563 293.895387 294.068966 294.215424,Match
s0101a,294.215424,294.627674,t uw,t uw,294.340862 294.627674,Match
s0101a,294.627674,295.248762,k ow s ay,k ow s ay,294.763812 294.857531 294.985681 295.248762,Match
s0101a,295.248762,295.383812,en,en,295.383812,Match
s0101a,295.383812,295.425054,ah,ah,295.425054,Match
s0101a,295.425054,295.924772,z uw,z uw,295.513812 295.924772,Match
s0101a,295.924772,296.227858,eh n,eh n,296.090893 296.227858,Match
s0101a,296.952009,297.270689,jh ah s t,jh ah s t,297.045579 297.113383 297.231363 297.270689,Match
s0101a,297.270689,297.590875,n ow ih ng,n ow ih ng,297.317474 297.410875 297.524278 297.590875,Match
s0101a,297.590875,297.708027,w er,w er,297.620875 297.708027,Match
s0101a,297.708027,298.014503,th ih ng z,th ih ng z,297.794817 297.855841 297.950089 298.014503,Match
s0101a,298.014503,298.238258,aa r,aa r,298.169097 298.238258,Match
s0101a,298.238258,298.380875,ih n,ih n,298.311486 298.380875,Match
s0101a,298.380875,298.560875,hh aa,hh aa,298.450485 298.560875,Match
s0101a,298.560875,298.634913,dx iy,dx iy,298.596265 298.634913,Match
s0101a,298.634913,298.770875,g ih dx,g ih dx,298.680875 298.7434 298.770875,Match
s0101a,298.770875,299.150227,er aw n d,er aw n d,298.865448 299.043096 299.113612 299.150227,Match
s0101a,301.24056,301.536938,s ow,s ow,301.446007 301.536938,Match
s0101a,301.536938,302.30441,f ae m l iy,f ae m l iy,301.663659 301.858935 301.946479 302.046938 302.30441,Match
s0101a,302.766836,303.111625,ah m,ah m,303.008897 303.111625,Match
s0101a,303.600152,304.438892,f m ih l iy eh r ih dx iy,f m ih l iy eh r ih dx iy,303.741185 303.793394 303.868657 303.923578 304.046187 304.11004 304.210391 304.272771 304.296187 304.438892,Match
s0101a,304.438892,304.784694,ae n,ae n,304.603733 304.784694,Match
s0101a,305.102018,305.454601,ah m,ah m,305.353572 305.454601,Match
s0101a,306.134078,306.339448,jh ih s,jh ih s,306.268331 306.298843 306.339448,Match
s0101a,306.339448,306.430383,dh ah,dh ah,306.406652 306.430383,Match
s0101a,306.430383,307.009688,k m y uw n ih dx iy,k m y uw n ih dx iy,306.570661 306.649688 306.699688 306.740927 306.787635 306.869678 306.902902 307.009688,Match
s0101a,307.009688,307.099688,ay,ay,307.099688,Match
s0101a,307.099688,307.471859,th ey ng k,th ey ng k,307.182256 307.323367 307.389688 307.471859,Match
s0101a,318.988352,319.553163,k r ay m,k r ay m,319.147693 319.220324 319.414164 319.553163,Match
s0101a,319.873877,319.951174,ay,ay,319.951174,Match
s0101a,319.951174,320.208153,th ih ng k,th ih ng k,320.040676 320.111871 320.153909 320.208153,Match
s0101a,320.208153,320.312572,ih z,ih z,320.269855 320.312572,Match
s0101a,320.312572,320.7255,g ow iy ng,g ow iy ng,320.413813 320.495047 320.579802 320.7255,Match
s0101a,321.600855,321.718834,eh n,eh n,321.672727 321.718834,Match
s0101a,321.718834,322.047685,ah p,ah p,321.920891 322.047685,Match
s0101a,322.40298,322.788109,ah m,ah m,322.667417 322.788109,Match
s0101a,323.218071,323.778053,ch r ae f ih k,ch r ae f ih k,323.340118 323.378767 323.489884 323.583125 323.681093 323.778053,Match
s0101a,323.778053,323.913125,ih z,ih z,323.822126 323.913125,Match
s0101a,325.057521,325.226436,b ah t,b ah t,325.140243 325.19991 325.226436,Match
s0101a,325.226436,325.320006,dh ah,dh ah,325.267037 325.320006,Match
s0101a,325.320006,325.46706,w ah n,w ah n,325.351792 325.399255 325.46706,Match
s0101a,325.545795,325.876598,b ah tq,ah,325.838628,Mismatch
s0101a,325.876598,325.954573,ay,ay,325.954573,Match
s0101a,325.954573,326.298341,m iy n,m iy n,326.026446 326.176293 326.298341,Match
s0101a,326.389877,326.461188,y uw,y uw,326.426491 326.461188,Match
s0101a,326.461188,326.661188,n iy dx,n iy dx,326.504466 326.630583 326.661188,Match
s0101a,326.661188,326.713982,ih,ih,326.713982,Match
s0101a,326.713982,326.93977,g ao,g ao,326.768903 326.93977,Match
s0101a,326.93977,327.155388,th r uw,th r uw,327.057155 327.081564 327.155388,Match
s0101a,327.155388,327.441523,dh ae tq,dh ae tq,327.201188 327.354055 327.441523,Match
s0101a,327.597473,327.774442,r ay tq,r ay tq,327.655785 327.716808 327.774442,Match
s0101a,327.774442,328.031188,n aw,n aw,327.815125 328.031188,Match
s0101a,328.205678,328.553514,b iy k ah z,b iy k ah z,328.283 328.322301 328.422652 328.505373 328.553514,Match
s0101a,328.553514,328.898639,k l ah m b uh s,k l ah m b uh s,328.642338 328.664714 328.693869 328.763 328.784727 328.815322 328.898639,Match
s0101a,328.898639,329.001701,uh z,uh z,328.959663 329.001701,Match
s0101a,329.001701,329.383,ih k s p eh n ih ng,ih k s p eh n ih ng,329.036281 329.070184 329.123071 329.193 329.270207 329.302753 329.361064 329.383,Match
s0101a,329.383,329.521083,s ah,s ah,329.464127 329.521083,Match
s0101a,329.521083,329.806846,m ah ch,m ah ch,329.589565 329.681779 329.805861,Match
s0101a,329.806846,330.037752,dh eh tq,eh,329.970031,Mismatch
s0101a,330.037752,330.198448,w iy,w iy,330.143 330.198448,Match
s0101a,330.198448,330.433729,n iy d,n iy d,330.256082 330.379597 330.433729,Match
s0101a,330.433729,330.655703,dh ah,dh ah,330.483227 330.655703,Match
s0101a,331.440624,331.719875,ao r n jh,ao r n jh,331.557248 331.610135 331.669875 331.719875,Match
s0101a,331.719875,332.177742,b r eh l z,b r eh l z,331.769875 331.829905 331.909875 332.048829 332.177742,Match
s0101a,332.284111,332.696361,ae n d,ae n d,332.619742 332.667205 332.696361,Match
s0101a,332.696361,332.978427,ah m,ah m,332.869262 332.978427,Match
s0101a,335.97199,336.035048,ay,ay,336.035048,Match
s0101a,336.035048,336.344914,g eh s,g eh s,336.168623 336.257446 336.344914,Match
s0101a,336.344914,336.490015,dh ah,dh ah,336.391699 336.490015,Match
s0101a,336.490015,336.755809,l ae k,l ae k,336.572059 336.667663 336.755809,Match
s0101a,336.755809,336.802594,ah,ah,336.802594,Match
s0101a,336.802594,337.512505,p b l ah s ah t iy,p b l ah s ah t iy,336.958345 337.141875 337.18501 337.246712 337.338333 337.371557 337.418257 337.512505,Match
s0101a,337.512505,338.194617,n ae sh n el iy,n ae sh n el iy,337.578353 337.772196 337.916705 337.970948 338.053584 338.194617,Match
s0101a,338.194617,338.303194,ay,ay,338.303194,Match
s0101a,338.42922,338.562795,ey,ey,338.562795,Match
s0101a,338.562795,338.70315,w ih,w,338.653653,Mismatch
s0101a,338.70315,338.847573,dx ow n,dx ow n,338.730272 338.818417 338.847573,Match
s0101a,338.847573,339.102518,hh ae v,hh ae v,338.905885 339.05302 339.102518,Match
s0101a,339.102518,339.337799,y ih n ow,y ih n ow,339.141844 339.181171 339.222531 339.337799,Match
s0101a,339.337799,339.518836,l ay k,l ay k,339.401535 339.499173 339.518836,Match
s0101a,339.518836,339.739201,dh ah,dh ah,339.62868 339.739201,Match
s0101a,339.739201,340.1335,n ae sh n el,n ae sh n el,339.804293 339.941344 340.038896 340.076866 340.1335,Match
s0101a,340.1335,340.487761,f uh t b ao l,f uh t b ao l,340.222646 340.277567 340.313504 340.367747 340.466063 340.487761,Match
s0101a,340.487761,340.828817,t iy m z,t iy m z,340.649135 340.718296 340.785422 340.828817,Match
s0101a,340.828817,340.961035,ah n,ah n,340.927219 340.961035,Match
s0101a,341.918433,342.09608,n aw,n aw,341.971998 342.09608,Match
s0101a,342.09608,342.192363,w ah th,w ah th,342.130937 342.167953 342.192363,Match
s0101a,342.192363,342.266269,dh ah,dh ah,342.223553 342.266269,Match
s0101a,342.266269,342.574101,hh aa k iy,hh aa k iy,342.311698 342.420185 342.506975 342.574101,Match
s0101a,342.574101,342.913801,k ah m ih ng,k ah m ih ng,342.689369 342.7409 342.805314 342.87244 342.913801,Match
s0101a,342.913801,343.065005,ay,ay,343.065005,Match
s0101a,343.219599,343.568791,th ih ng k,th ih ng k,343.329442 343.452168 343.51387 343.568791,Match
s0101a,343.568791,343.66643,w er,w er,343.602693 343.66643,Match
s0101a,343.66643,343.985938,g eh dx ih ng,g eh dx ih ng,343.762034 343.823736 343.845433 343.917984 343.985938,Match
s0101a,343.985938,344.115972,m ow r,m ow r,344.01969 344.067153 344.115972,Match
s0101a,344.115972,344.811645,r eh k ih ng n ah sh uh n,r eh k ih ng n ah sh uh n,344.180387 344.236664 344.322098 344.35261 344.420414 344.44618 344.525511 344.645938 344.707905 344.811645,Match
s0101a,344.811645,345.044214,b ah tq,b ah tq,344.855938 344.995938 345.044214,Match
s0101a,345.145921,345.31611,w ah n,w ah n,345.216938 345.25712 345.31611,Match
s0101a,345.31611,345.518167,p iy p uh,p iy p uh,345.366938 345.425275 345.494435 345.518167,Match
s0101a,345.518167,345.722345,t ao k,t ao k,345.59682 345.683609 345.722345,Match
s0101a,345.722345,345.946012,b ah t,b ah t,345.785316 345.887701 345.946012,Match
s0101a,345.946012,346.359619,k l ah m b ah s,k l ah m b ah s,346.040938 346.086938 346.125694 346.186938 346.216938 346.278932 346.359619,Match
s0101a,346.359619,346.500652,dh ey,dh ey,346.40776 346.500652,Match
s0101a,346.500652,346.874254,dh eh n,dh eh n,346.535232 346.728475 346.874254,Match
s0101a,347.323119,347.383937,ah,ah,347.383937,Match
s0101a,347.383937,347.513937,dx ow n,dx ow n,347.40584 347.474323 347.513937,Match
s0101a,347.513937,347.663497,th ih ng k,th ih ng k,347.549586 347.590268 347.640443 347.663497,Match
s0101a,347.663497,347.782155,dh ey,dh ey,347.689263 347.782155,Match
s0101a,347.782155,348.053937,n ow,n ow,347.843178 348.053937,Match
s0101a,348.507661,348.890844,k l ah m b uh s,k l ah m b uh s,348.659631 348.685437 348.726758 348.759982 348.778967 348.825437 348.890844,Match
s0101a,348.890844,349.258344,ow hh ay ow,ow hh ay ow,348.974922 349.024419 349.156637 349.258344,Match
s0101a,349.258344,349.368187,ah r,ah r,349.320046 349.368187,Match
s0101a,349.368187,349.989953,k l ah m b ah s,k l ah m b ah s,349.488201 349.535437 349.57499 349.63059 349.655437 349.765437 349.989953,Match
s0101a,349.989953,350.382541,jh ow r jh ah,jh ow r jh ah,350.113357 350.190654 350.249644 350.315437 350.382541,Match
s0101a,350.382541,350.421189,er,er,350.421189,Match
s0101a,350.421189,350.954132,k l ah m b ah s,k l ah m b ah s,350.542559 350.5907 350.625437 350.684948 350.705437 350.801572 350.954132,Match
s0101a,357.80034,358.119699,w eh r,w eh r,357.910183 358.014602 358.119699,Match
s0101a,358.243781,358.766553,r ay t,r ay t,358.364473 358.53873 358.766553,Match
s0101a,360.180274,360.414199,r ay tq,r ay tq,360.249434 360.33419 360.414199,Match
s0101a,375.158262,375.612552,hh ae v,hh ae v,375.278954 375.514235 375.612552,Match
s0101a,377.56125,377.993163,r ay t,r ay t,377.687366 377.892875 377.993163,Match
s0101a,392.415834,392.502623,ay,ay,392.502623,Match
s0101a,392.502623,392.72909,d ow n,d ow n,392.578564 392.66671 392.72909,Match
s0101a,392.796216,392.963693,n ow,n ow,392.831475 392.963693,Match
s0101a,392.963693,393.126424,dh ae tq,dh ae tq,392.999687 393.084385 393.126424,Match
s0101a,393.126424,393.391539,m ah ch,m ah ch,393.22813 393.289832 393.391539,Match
s0101a,393.391539,393.662078,ah b aw dx,ah b aw dx,393.43968 393.509687 393.647839 393.662078,Match
s0101a,393.662078,393.776668,ih t,ih t,393.739687 393.776668,Match
s0101a,393.776668,393.827521,t,t,393.827521,Match
s0101a,393.827521,393.951603,b iy,b iy,393.890187 393.951603,Match
s0101a,393.951603,394.191631,k w ay dx,k w ay dx,394.062124 394.108231 394.166543 394.191631,Match
s0101a,394.191631,394.620187,aa n eh s t,aa n eh s t,394.323849 394.357073 394.500187 394.571335 394.620187,Match
s0101a,394.620187,394.740846,ay,ay,394.740846,Match
s0101a,394.740846,394.924596,d ih d,d ih d,394.802548 394.876455 394.924596,Match
s0101a,394.924596,395.078512,r iy dx,r iy dx,394.991722 395.054102 395.078512,Match
s0101a,395.078512,395.298876,ah b aa dx,ah b aa dx,395.114448 395.180187 395.278535 395.298876,Match
s0101a,395.298876,395.39109,ih tq,ih tq,395.340187 395.39109,Match
s0101a,395.39109,395.471777,en,en,395.471777,Match
s0101a,395.471777,395.495509,dh,dh,395.495509,Match
s0101a,395.495509,395.930187,p ey p er,p ey p er,395.561279 395.659596 395.770187 395.930187,Match
s0101a,395.930187,396.053539,eh nx,eh nx,396.024383 396.053539,Match
s0101a,396.053539,396.151855,ay,ay,396.151855,Match
s0101a,396.151855,396.330859,n ow,n ow,396.21627 396.330859,Match
s0101a,396.330859,396.407478,dh ah,dh ah,396.360693 396.407478,Match
s0101a,396.407478,396.571565,hh ow l,hh ow l,396.479351 396.544443 396.571565,Match
s0101a,396.571565,396.827865,th ih ng,th ih ng,396.6631 396.738363 396.827865,Match
s0101a,396.827865,397.017039,w ih th,w ih th,396.870187 396.913977 397.017039,Match
s0101a,397.143155,397.559474,ah m,ah m,397.427934 397.559474,Match
s0101a,398.212431,398.556199,ch iy f,ch iy f,398.409063 398.506702 398.556199,Match
s0101a,398.556199,399.223375,jh ae k s ah n,jh ae k s ah n,398.683671 398.854538 398.937937 399.055239 399.187458 399.223375,Match
s0101a,399.223375,399.481051,eh n,eh n,399.372564 399.481051,Match
s0101a,399.481051,399.641069,dh ah,dh ah,399.553375 399.641069,Match
s0101a,399.641069,399.84855,hh ow l,hh ow l,399.696669 399.81736 399.84855,Match
s0101a,399.84855,400.083375,em,em,400.083375,Match
s0101a,400.195709,400.782217,m ey ow r ow,m ey ow r ow,400.303518 400.418785 400.551004 400.636437 400.782217,Match
s0101a,400.782217,401.32872,k eh nx eh d ey t s,k eh nx eh d ey t s,400.923375 400.980206 401.000812 401.070385 401.119204 401.238812 401.286681 401.32872,Match
s0101a,401.32872,401.453375,hh aa,hh aa,401.380251 401.453375,Match
s0101a,401.453375,401.573494,dh eh r,dh eh r,401.483375 401.534845 401.573494,Match
s0101a,401.573494,401.833375,g ih dx ih ng,g ih dx ih ng,401.627059 401.677235 401.707747 401.766058 401.833375,Match
s0101a,401.833375,401.896243,en,en,401.896243,Match
s0101a,401.896243,402.333581,d ah b ey t s,d ah b ey t s,401.971506 401.993375 402.083383 402.200684 402.264421 402.333581,Match
s0101a,402.333581,402.52818,ow v er,ow v er,402.400707 402.446814 402.52818,Match
s0101a,402.52818,402.894323,dh ae t,dh ae t,402.573375 402.831943 402.894323,Match
s0101a,403.345222,403.406924,eh nx,eh nx,403.381837 403.406924,Match
s0101a,403.406924,403.512021,ay,ay,403.512021,Match
s0101a,403.512021,403.648986,n ow,n ow,403.563553 403.648986,Match
s0101a,403.648986,403.884945,dh ih s,dh ih s,403.706563 403.781883 403.884945,Match
s0101a,403.884945,404.038861,ih z,ih z,403.980549 404.038861,Match
s0101a,404.038861,404.416563,s ah m th ih ng,s ah m th ih ng,404.091749 404.125651 404.210406 404.278889 404.348049 404.416563,Match
s0101a,404.416563,404.576563,n uw,n uw,404.451112 404.576563,Match
s0101a,404.576563,404.739959,aa n,aa n,404.705378 404.739959,Match
s0101a,404.739959,405.016563,t aa p,t aa p,404.843021 404.926563 405.016563,Match
s0101a,405.016563,405.146785,ah v,ah v,405.098644 405.146785,Match
s0101a,405.146785,405.619381,dh ae t,dh ae t,405.215945 405.472924 405.619381,Match
s0101a,405.619381,406.028242,ah m,ah m,405.919077 406.028242,Match
s0101a,406.858846,406.934108,ah,ah,406.934108,Match
s0101a,406.934108,407.016152,n ow,n ow,406.959874 407.016152,Match
s0101a,407.016152,407.052766,ah,ah,407.052766,Match
s0101a,407.052766,407.212563,w ah z,w ah z,407.122563 407.155151 407.212563,Match
s0101a,407.212563,407.245331,ah,ah,407.245331,Match
s0101a,407.245331,407.450778,f r ah m,f r ah m,407.323984 407.361276 407.406027 407.450778,Match
s0101a,407.450778,407.735556,p ey jh,p ey jh,407.538923 407.66504 407.735556,Match
s0101a,407.735556,407.868453,ah n,ah n,407.801326 407.868453,Match
s0101a,407.868453,408.192563,s ah n d ey z,s ah n d ey z,407.948462 407.996603 408.025759 408.042563 408.145095 408.192563,Match
s0101a,408.192563,408.650237,p ey p er,p ey p er,408.278669 408.376986 408.484795 408.650237,Match
s0101a,408.741773,408.94044,ay v,ay v,408.904504 408.94044,Match
s0101a,408.94044,409.128936,l uh k t,l uh k t,408.992563 409.036722 409.076049 409.128936,Match
s0101a,409.128936,409.246238,ae t,ae t,409.206911 409.246238,Match
s0101a,409.246238,409.312563,ah t,ah t,409.282563 409.312563,Match
s0101a,409.312563,409.862563,b r iy f l iy,b r iy f l iy,409.383881 409.426598 409.499826 409.629333 409.689679 409.862563,Match
s0101a,409.862563,410.207026,ah m,ah m,410.076164 410.207026,Match
s0101a,412.997176,413.074473,ih,ih,413.074473,Match
s0101a,413.074473,413.341563,th ih k,th ih k,413.195165 413.309077 413.341563,Match
s0101a,413.341563,413.498251,dh eh r,dh eh r,413.380949 413.449432 413.498251,Match
s0101a,413.498251,413.778283,m ah s,m ah s,413.597923 413.691563 413.778283,Match
s0101a,413.778283,413.966779,b iy,b iy,413.873887 413.966779,Match
s0101a,413.966779,414.355298,s ah m,s ah m,414.134934 414.242743 414.355298,Match
s0101a,414.355298,414.614311,ch r uw th,ch r uw th,414.457683 414.480736 414.558711 414.614311,Match
s0101a,414.614311,414.861563,t uw,t uw,414.761446 414.861563,Match
s0101a,414.861563,415.046903,eh tq,eh tq,414.985879 415.046903,Match
s0101a,415.046903,415.178443,ay,ay,415.178443,Match
s0101a,415.178443,415.507973,d ow n tq,d ow n tq,415.226584 415.390671 415.454407 415.507973,Match
s0101a,415.507973,416.078208,n ow,n ow,415.611035 416.078208,Match
s0101a,417.957067,418.100812,dh iy,dh iy,418.053349 418.100812,Match
s0101a,418.100812,418.675793,ih k s t eh n t,ih k s t eh n t,418.159124 418.225572 418.314396 418.366563 418.532726 418.592394 418.675793,Match
s0101a,456.405542,456.574375,ow,ow,456.574375,Match
s0101a,456.574375,456.717443,ah s,ah s,456.653707 456.717443,Match
s0101a,456.717443,457.114098,p aa s b el,p aa s b el,456.827964 456.941197 457.019172 457.058499 457.114098,Match
s0101a,457.114098,457.246317,b ah,b ah,457.189361 457.246317,Match
s0101a,457.246317,457.314121,ay,ay,457.314121,Match
s0101a,457.314121,457.531095,k ae nx,k ae,457.427355 457.501939,Mismatch
s0101a,457.531095,458.015219,ah m ae jh en,ah m ae jh en,457.57788 457.655855 457.812483 457.952839 458.015219,Match
s0101a,458.015219,458.120993,eh tq,eh tq,458.089125 458.120993,Match
s0101a,458.120993,458.297285,w uh d,w uh d,458.22025 458.2783 458.297285,Match
s0101a,459.872381,460.029687,n aa tq,n aa tq,459.906961 459.996463 460.029687,Match
s0101a,460.029687,460.279207,n ow ih ng,n ow ih ng,460.085964 460.178178 460.224963 460.279207,Match
s0101a,460.279207,460.379557,hh aw,hh aw,460.32625 460.379557,Match
s0101a,460.379557,460.540254,b ih g,b ih g,460.459567 460.515844 460.540254,Match
s0101a,460.540254,460.694848,ih t s,ih t s,460.615517 460.642638 460.694848,Match
s0101a,460.694848,460.911822,g ow ih ng,g ow ih ng,460.76625 460.822998 460.865037 460.911822,Match
s0101a,460.911822,460.961319,ih,ih,460.961319,Match
s0101a,460.961319,461.13625,g eh t,g eh t,461.017597 461.109811 461.13625,Match
s0101a,461.13625,461.230502,ay,ay,461.230502,Match
s0101a,461.230502,461.499008,g eh s,g eh s,461.296273 461.409506 461.499008,Match
s0101a,461.499008,461.558676,ay,ay,461.558676,Match
s0101a,461.558676,461.755986,k ae nx,k ae nx,461.671909 461.729543 461.755986,Match
s0101a,461.755986,462.275368,ah m ae jh ah n,ah m ae jh ah n,461.804127 461.863117 462.017033 462.101789 462.1879 462.275368,Match
s0101a,463.137162,463.310063,dh ah t,dh ah t,463.23425 463.284975 463.310063,Match
s0101a,463.310063,463.443637,ih s,ih s,463.381935 463.443637,Match
s0101a,463.443637,463.719601,g ow n,g ow n,463.560261 463.658577 463.719601,Match
s0101a,463.719601,463.775201,d ah,d ah,463.751469 463.774523,Match
s0101a,463.844361,464.077608,w ah l,w ah l,463.898605 463.966409 464.077608,Match
s0101a,464.077608,464.149481,ih,ih,464.149481,Match
s0101a,464.149481,464.384084,m ay t,m ay t,464.225422 464.341368 464.384084,Match
s0101a,464.384084,464.538678,m ey k,m ey k,464.431547 464.493927 464.538678,Match
s0101a,464.538678,464.93669,n ae sh n el,n ae sh n el,464.60425 464.733955 464.831593 464.870242 464.93669,Match
s0101a,464.93669,465.220112,n ah z,n ah z,464.99907 465.171971 465.220112,Match
s0101a,465.220112,465.351653,ay,ay,465.351653,Match
s0101a,465.351653,465.596427,jh ih s,jh ih s,465.406574 465.482515 465.596427,Match
s0101a,467.098972,467.184405,ih,ih,467.184405,Match
s0101a,467.184405,467.35425,w ah z,w ah z,467.25425 467.302385 467.353916,Match
s0101a,467.35425,467.47054,aa n,n,467.47054,Mismatch
s0101a,467.47054,467.767523,n ae sh ah l,n ae sh ah l,467.490881 467.603436 467.684802 467.739045 467.767523,Match
s0101a,467.767523,468.042131,n uw z,n uw z,467.81425 467.927541 468.042131,Match
s0101a,468.25368,468.320807,y ah,y ah,468.286227 468.320807,Match
s0101a,468.320807,468.544561,s iy,s iy,468.438108 468.544561,Match
s0101a,468.544561,468.70797,ah m,ah m,468.634741 468.70797,Match
s0101a,468.936471,469.072757,n aa t,n aa t,468.964948 469.034109 469.072757,Match
s0101a,469.072757,469.247693,dh ae tq,dh ae tq,469.122255 469.20023 469.247693,Match
s0101a,469.247693,469.566373,en f ao r m d,en f ao r m d,469.311429 469.383979 469.43725 469.47725 469.51725 469.566373,Match
s0101a,469.566373,469.721645,aa n,aa n,469.646382 469.721645,Match
s0101a,469.721645,469.962351,ae t,ae t,469.856576 469.962351,Match
s0101a,469.962351,470.377992,ah m,ah m,470.273573 470.377992,Match
s0101a,478.02158,478.27675,dh eh r z,dh eh r z,478.109726 478.159223 478.211432 478.27675,Match
s0101a,478.27675,478.37675,s ah,s,478.352465,Mismatch
s0101a,478.37675,478.643346,m ah ch,m ah ch,478.45675 478.509771 478.643346,Match
s0101a,478.643346,479.233244,n eh g ah t ih v ah dx iy,n eh g ah t ih v ah dx,478.674536 478.738272 478.80472 478.846759 478.982368 479.05085 479.093567 479.14103 479.164762,Mismatch
s0101a,479.233244,479.354614,ah n,ah n,479.320034 479.354614,Match
s0101a,479.354614,479.429877,n ah,n ah,479.387838 479.429877,Match
s0101a,479.429877,479.888235,n ae sh el,n ae sh el,479.482764 479.650241 479.810938 479.888235,Match
s0101a,479.888235,480.176403,n uw z,n uw z,479.96675 480.12555 480.176403,Match
s0101a,480.176403,480.309978,ay,ay,480.309978,Match
s0101a,480.309978,480.450333,dx ow n,dx ow n,480.322861 480.417109 480.450333,Match
s0101a,480.450333,480.581195,n ow,n ow,480.48675 480.581195,Match
s0101a,480.581195,480.64675,ah f,ah f,480.608317 480.64675,Match
s0101a,480.64675,480.822579,dh ah el,dh ah el,480.675443 480.76675 480.822579,Match
s0101a,480.822579,481.001583,jh uh s,jh uh s,480.89675 480.964968 481.001583,Match
s0101a,481.001583,481.149396,b iy,b iy,481.08675 481.149396,Match
s0101a,481.149396,481.506725,b l ah n d ih dx,b l ah n d ih dx,481.239576 481.282293 481.339926 481.384677 481.413833 481.476891 481.506725,Match
s0101a,481.506725,481.689119,ih n,ih n,481.64708 481.689119,Match
s0101a,481.689119,481.752177,er,er,481.752177,Match
s0101a,481.752177,481.862698,ah f,ah f,481.82744 481.862698,Match
s0101a,481.862698,482.241047,p iy p el,p iy p el,481.946098 482.001019 482.085097 482.241047,Match
s0101a,482.241047,482.509552,w ah l,w ah l,482.285798 482.466835 482.509552,Match
s0101a,483.10275,483.538823,ah s ah s y ey t,ah s ah s y ey t,483.15275 483.259468 483.327273 483.422877 483.454067 483.510345 483.538823,Match
s0101a,483.538823,483.66087,dh ae tq,dh ae tq,483.582217 483.634427 483.66087,Match
s0101a,483.66087,483.860893,w ah th,w ah th,483.739524 483.781562 483.860893,Match
s0101a,483.860893,484.477913,k l ah m b ah s,k l ah m b ah s,483.970058 484.003961 484.05956 484.132111 484.157877 484.232461 484.477913,Match
s0101a,494.319719,494.618059,r ay t,r ay t,494.363114 494.50975 494.618059,Match
s0101a,501.631744,501.959917,ah iy,ah iy,501.838548 501.959917,Match
s0101a,502.244696,502.431158,t uw,t uw,502.367422 502.431158,Match
s0101a,502.431158,502.484045,ah nx,ah nx,502.46167 502.484045,Match
s0101a,502.484045,502.519982,ah,ah,502.519982,Match
s0101a,502.519982,502.731531,hh ae f,hh ae f,502.581684 502.665083 502.731531,Match
s0101a,506.934047,507.443936,y ah s,y ah s,507.01948 507.183567 507.443936,Match
s0101a,508.239281,508.636615,y ah s,y ah s,508.296237 508.418285 508.636615,Match
s0101a,523.022671,523.455941,k ow s ay z,k ow s ay z,523.140188 523.230152 523.315586 523.399663 523.455941,Match
s0101a,523.455941,523.629719,g ow ih n,g ow ih,523.516965 523.573921 523.617315,Mismatch
s0101a,523.629719,523.679695,n uw,n uw,523.647149 523.679695,Match
s0101a,523.679695,523.778012,b iy,b iy,523.740188 523.778012,Match
s0101a,523.778012,524.081097,ow p ah nx ih ng,ow p ah nx ih ng,523.863445 523.921079 523.950913 523.970188 524.030244 524.081097,Match
s0101a,524.081097,524.398422,ah p,ah p,524.243828 524.398422,Match
s0101a,524.398422,524.55166,aa n,aa n,524.529962 524.55166,Match
s0101a,524.55166,524.625567,n ah,n ah,524.573357 524.625567,Match
s0101a,524.625567,525.363956,s eh k s th,s eh k s th,524.757785 524.865594 524.954418 525.099519 525.363956,Match
s0101a,525.363956,525.709759,ah m,ah m,525.57754 525.709759,Match
s0101a,525.880188,526.127434,l uh k ah m,l uh k ah m,525.910188 525.959957 526.048781 526.084039 526.127434,Match
s0101a,526.127434,526.31932,f ow w ah d,f ow w ah d,526.183033 526.228462 526.254906 526.305759 526.31932,Match
s0101a,526.31932,526.402041,t uh,t uh,526.360681 526.402041,Match
s0101a,526.402041,526.639357,d uw ih ng,d uw ih ng,526.470524 526.536294 526.584435 526.639357,Match
s0101a,526.639357,526.949901,n ae tq,n ae tq,526.673259 526.896335 526.949901,Match
s0101a,526.949901,527.0889,w iy,w iy,527.0055 527.0889,Match
s0101a,527.0889,527.352008,hh ae dx,hh ae dx,527.156026 527.322147 527.352008,Match
s0101a,527.352008,527.571667,ah,ah,527.571667,Match
s0101a,527.571667,527.875431,ah m,ah m,527.773046 527.875431,Match
s0101a,528.704,528.988101,ah,ah,528.988101,Match
s0101a,528.988101,529.332547,s iy z ah n z,s iy z ah n z,529.092519 529.152187 529.221348 529.255928 529.291864 529.332547,Match
s0101a,529.332547,529.740729,p ae s,p ae s,529.436288 529.613257 529.740729,Match
s0101a,529.740729,530.146199,t uw,t uw,529.916343 530.146199,Match
s0101a,530.146199,530.580148,w ay ah n d aa tq,w ay ah n d aa tq,530.203155 530.327237 530.367242 530.40928 530.454031 530.52387 530.580148,Match
s0101a,530.580148,530.948325,l ey k,l ey k,530.637875 530.82899 530.948325,Match
s0101a,530.948325,531.164621,s p eh,s p eh,531.025622 531.111734 531.164621,Match
s0101a,531.164621,531.197167,ah,ah,531.197167,Match
s0101a,531.197167,531.357864,l aa,l aa,531.269718 531.357864,Match
s0101a,531.357864,531.398546,ah,ah,531.398546,Match
s0101a,531.398546,531.694174,t ay m z,t ay m z,531.523985 531.602638 531.637896 531.694174,Match
s0101a,531.694174,531.762656,ah t,ah t,531.743671 531.762656,Match
s0101a,531.762656,531.814187,dh ah,dh ah,531.793168 531.814187,Match
s0101a,531.814187,532.308481,p uw l z,p uw l z,531.943016 532.070488 532.199994 532.308481,Match
s0101a,532.445446,532.797351,ah m,ah m,532.694966 532.797351,Match
s0101a,533.166885,533.454375,d ih f er tq,d ih f er tq,533.259099 533.301815 533.357415 533.413693 533.454375,Match
s0101a,533.454375,533.697115,s w ah m,s w ah,533.573033 533.614394 533.647618,Mismatch
s0101a,533.697115,534.150726,s eh nx er z,s eh nx er z,533.80289 533.881543 533.913411 534.066649 534.150726,Match
s0101a,534.150726,534.632777,hh ah nx er,hh ah nx er,534.218179 534.293794 534.32634 534.632777,Match
s0101a,534.813853,535.103378,d ih f er tq,d ih f er tq,534.913526 534.955551 535.028115 535.057949 535.103378,Match
s0101a,535.103378,535.28645,r eh k,r eh k,535.176479 535.221358 535.28645,Match
s0101a,535.28645,535.625472,s ah n er z,s ah n er z,535.373239 535.440366 535.479014 535.566482 535.625472,Match
s0101a,535.625472,535.71633,dh ah,dh ah,535.674969 535.71633,Match
s0101a,535.71633,535.929235,w ay,w ay,535.771836 535.929235,Match
s0101a,535.929235,536.809336,p r ow g r ae m z,p r ow g r ae m z,536.063488 536.115697 536.176043 536.268257 536.322501 536.500148 536.576089 536.809336,Match
s0101a,536.809336,536.998,ah r,ah r,536.951725 536.998,Match
s0101a,536.998,537.478,eh k s ah l ah n tq,eh k s ah l ah n tq,537.081232 537.128695 537.273796 537.326006 537.376181 537.425 537.448 537.478,Match
s0101a,537.478,537.688,iy v ah nx,iy v ah,537.593155 537.631125 537.666384,Mismatch
s0101a,537.688,537.804705,hh iy r,hh iy r,537.716559 537.758 537.804705,Match
s0101a,537.804705,537.86166,ae dx,ae dx,537.847421 537.86166,Match
s0101a,537.86166,538.096941,ow hh ay ih,ow hh ay ih,537.894884 537.951162 538.023713 538.096941,Match
s0101a,538.096941,538.390534,s t ey t,s t ey t,538.183053 538.242721 538.35053 538.390534,Match
s0101a,538.390534,538.54445,dh ey v,dh ey v,538.437319 538.511904 538.54445,Match
s0101a,538.54445,538.781766,g aa t,g aa t,538.632596 538.745151 538.781766,Match
s0101a,538.781766,539.024505,dh iy,dh iy,538.860419 539.024505,Match
s0101a,539.024505,539.320811,ah m,ah m,539.249616 539.320811,Match
s0101a,539.87545,540.215828,ah m,ah m,540.113444 540.215828,Match
s0101a,541.315616,541.776007,r eh k r ey sh n el,r eh k r ey sh n el,541.344093 541.3902 541.479702 541.509536 541.595648 541.683793 541.717017 541.776007,Match
s0101a,541.776007,542.383535,s p ow r t s,s p ow r t s,541.856695 541.94823 542.049937 542.100112 542.148253 542.383535,Match
s0101a,542.383535,542.657464,aa n,aa n,542.602543 542.657464,Match
s0101a,542.657464,542.963262,s ah n d ey,s ah n d ey,542.751712 542.816127 542.857487 542.879185 542.963262,Match
s0101a,542.963262,543.460946,ae f t er n uw n z,ae f t er n uw n z,543.035135 543.068359 543.133451 543.168709 543.21685 543.337542 543.414161 543.460946,Match
s0101a,543.460946,543.599267,w ah r,w ah r,543.529125 543.57418 543.599267,Match
s0101a,543.599267,543.729125,dh ey,dh ey,543.620287 543.729125,Match
s0101a,543.729125,544.029125,k ih ng,k ih ng,543.942357 543.972191 544.029125,Match
s0101a,544.029125,544.396647,g ow,g ow,544.065761 544.396647,Match
s0101a,545.087573,545.526946,ah m,ah m,545.381844 545.526946,Match
s0101a,546.013103,546.12159,w iy,w iy,546.057176 546.12159,Match
s0101a,546.12159,546.251775,g ow,g ow,546.17425 546.251775,Match
s0101a,546.251775,546.346023,dx ah,dx ah,546.290423 546.346023,Match
s0101a,546.346023,546.471461,dh ah,dh ah,546.42425 546.471461,Match
s0101a,546.471461,546.676908,z uw,z uw,546.572489 546.676908,Match
s0101a,546.676908,546.772512,ah,ah,546.772512,Match
s0101a,546.772512,547.115602,l aa tq,l aa tq,546.85425 547.063393 547.115602,Match
s0101a,547.164422,547.931289,l ay b r eh r iy z,l ay b r eh r iy z,547.24425 547.392922 547.506156 547.581419 547.626169 547.7611 547.866875 547.931289,Match
s0101a,547.931289,548.333369,hh ae v,hh ae v,548.020791 548.257428 548.333369,Match
s0101a,548.333369,548.65883,s t ow r iy,s t ow r iy,548.420159 548.484573 548.560514 548.59984 548.65883,Match
s0101a,548.65883,549.089388,t ay m z,t ay m z,548.797829 548.949711 549.022262 549.089388,Match
s0101a,549.089388,549.323991,r iy dx iy ng,r iy dx iy ng,549.12425 549.189739 549.21425 549.294835 549.323991,Match
s0101a,549.323991,550.027123,aw er z,aw er z,549.50425 549.877275 550.027123,Match
s0101a,550.027123,550.275287,dh ow z,dh ow z,550.11459 550.210195 550.275287,Match
s0101a,550.275287,550.509212,t ay p,t ay p,550.36425 550.425134 550.509212,Match
s0101a,550.509212,550.548538,ih,ih,550.548538,Match
s0101a,550.548538,551.110637,th ih ng z,th ih ng z,550.680757 550.831283 550.98425 551.110637,Match
s0101a,551.701213,552.15618,ah m,ah m,552.002264 552.15618,Match
s0101a,553.264782,553.54278,jh ah s,jh ah s,553.370557 553.48718 553.54278,Match
s0101a,553.765178,553.935367,aa,aa,553.935367,Match
s0101a,553.935367,554.306935,k ay n d,k ay n d,554.108947 554.188956 554.25676 554.306935,Match
s0101a,554.306935,554.393725,ah v,ah v,554.351008 554.393725,Match
s0101a,554.393725,554.872688,k m uh nx ih dx iy,k m uh nx ih dx iy,554.56527 554.59985 554.651382 554.678503 554.732688 554.762688 554.872688,Match
s0101a,554.872688,555.1789,th ih ng z,th ih ng z,554.953789 555.024306 555.102688 555.1789,Match
s0101a,555.1789,555.527414,iy s t er,iy s t er,555.315187 555.382688 555.462322 555.527414,Match
s0101a,555.527414,555.635901,ih g,ih g,555.595897 555.635901,Match
s0101a,555.635901,555.953226,hh ah n s,hh ah n s,555.737608 555.818295 555.873895 555.953226,Match
s0101a,555.953226,556.026455,eh t,eh t,555.995265 556.026455,Match
s0101a,556.026455,556.160029,dh ah,dh ah,556.092688 556.160029,Match
s0101a,556.160029,556.404803,r eh k,r eh k,556.216307 556.313267 556.404803,Match
s0101a,556.404803,557.405596,s eh nx er z,s eh nx er z,556.553973 556.673308 556.707211 557.082169 557.405596,Match
s0101a,557.644945,558.030752,ah m,ah m,557.902602 558.030752,Match
s0101a,559.815363,560.239141,y ae,y ae,559.946904 560.239141,Match
s0101a,567.596594,567.930192,ah m,ah m,567.805432 567.930192,Match
s0101a,568.489578,568.670616,ah p,ah p,568.584504 568.670616,Match
s0101a,568.670616,569.365611,ih n t ah l,ih n t ah,568.76961 568.861146 568.982437 569.07473,Mismatch
s0101a,569.74735,570.582437,m aa r ch,m aa r ch,569.796169 569.94466 570.089084 570.582437,Match
s0101a,570.582437,570.762437,hh iy,hh iy,570.676948 570.762437,Match
s0101a,570.762437,570.891209,w ah z,w ah z,570.792437 570.822727 570.891209,Match
s0101a,570.891209,570.988848,aa tq,aa tq,570.954946 570.988848,Match
s0101a,570.988848,571.209212,hh ow m,hh ow m,571.081062 571.153612 571.209212,Match
s0101a,571.209212,571.378723,w ih th,w ih th,571.241758 571.287865 571.378723,Match
s0101a,571.378723,571.612437,m ay,m ay,571.412437 571.612437,Match
s0101a,571.612437,571.762437,ae n tq,ae n tq,571.702437 571.732437 571.762437,Match
s0101a,571.762437,571.912437,w ih th,w ih th,571.792437 571.856066 571.912437,Match
s0101a,571.912437,572.228312,f ae m l uh,f ae m l uh,571.97947 572.084567 572.138132 572.172437 572.228312,Match
s0101a,572.228312,572.572437,w aa ch ih ng,w aa ch ih ng,572.281877 572.372735 572.493427 572.529363 572.572437,Match
s0101a,572.572437,572.762437,hh ih m,hh ih m,572.622933 572.685313 572.762437,Match
s0101a,572.762437,572.855502,ah n,ah n,572.822278 572.855502,Match
s0101a,572.855502,573.022979,aa r,aa r,572.959921 573.022979,Match
s0101a,573.022979,573.422347,hh ow m,hh ow m,573.129432 573.337592 573.422347,Match
s0101a,573.919353,574.010211,ae n,ae n,573.987836 574.010211,Match
s0101a,574.010211,574.156669,n ah m,n ah m,574.033265 574.116664 574.156669,Match
s0101a,574.156669,574.447549,m ay,m ay,574.200063 574.447549,Match
s0101a,574.447549,575.110676,g r ae m f aa dh er,g r ae m f aa dh er,574.567563 574.621807 574.713343 574.771654 574.833356 574.983882 575.01236 575.110676,Match
s0101a,575.110676,575.356128,hh uw z,hh uw z,575.185939 575.28629 575.356128,Match
s0101a,575.356128,575.612437,n ay n d iy,n ay n d iy,575.402437 575.509366 575.529707 575.544624 575.612437,Match
s0101a,575.612437,575.91348,f ay v,f ay v,575.707355 575.885002 575.91348,Match
s0101a,575.91348,576.258604,g aa tq,g aa tq,576.019255 576.181985 576.258604,Match
s0101a,576.494564,576.782732,ah m,ah m,576.662719 576.782732,Match
s0101a,576.927834,577.221427,eh l,eh l,577.046491 577.221427,Match
s0101a,577.61198,577.895402,ae n,ae n,577.8337 577.895402,Match
s0101a,577.895402,578.161687,m ay,m ay,577.965919 578.161687,Match
s0101a,578.161687,578.346979,ae n tq,ae n tq,578.265614 578.288668 578.346979,Match
s0101a,578.346979,578.597856,hh ae d,hh ae d,578.451687 578.559885 578.597856,Match
s0101a,578.597856,578.841687,t uw,t uw,578.734821 578.841687,Match
s0101a,578.841687,579.182329,ch uw z,ch uw z,578.993155 579.150461 579.182329,Match
s0101a,579.182329,579.642721,b ah t w iy n,b ah t w iy n,579.269797 579.31048 579.43185 579.458971 579.549829 579.642721,Match
s0101a,579.827149,579.950553,m ay,m ay,579.863763 579.950553,Match
s0101a,579.950553,580.179054,s ah n,s ah n,580.054972 580.144474 580.179054,Match
s0101a,580.179054,580.350599,eh n d,eh n d,580.275336 580.321687 580.350599,Match
s0101a,580.350599,580.484174,m ay,m ay,580.411687 580.484174,Match
s0101a,580.484174,581.132383,g r ae m f aa dh er,g r ae m f aa dh er,580.556046 580.591687 580.688265 580.73166 580.800142 580.941853 580.975077 581.132383,Match
s0101a,581.132383,581.223919,ih n,ih n,581.1751 581.223919,Match
s0101a,581.678887,581.998924,ah m,ah m,581.848398 581.998924,Match
s0101a,582.595875,582.806474,sh iy z,sh iy z,582.665875 582.728499 582.806474,Match
s0101a,582.806474,583.239744,w aa ch ih ng,w aa ch ih ng,582.845875 582.945473 583.066843 583.113628 583.239744,Match
s0101a,583.456718,583.824218,ae k sh l iy,ae k sh l iy,583.557312 583.607312 583.687312 583.729291 583.824218,Match
s0101a,583.824218,583.960504,m ay,m ay,583.894056 583.960504,Match
s0101a,583.960504,584.393774,g r ae n f aa er z,g r ae n f aa er z,583.98966 584.013392 584.096791 584.127981 584.189005 584.247995 584.306985 584.393774,Match
s0101a,584.393774,584.523959,d uh ih ng,d uh ih ng,584.407312 584.45073 584.494125 584.523959,Match
s0101a,584.523959,584.716523,k w ay tq,k w ay tq,584.581592 584.604646 584.643294 584.716523,Match
s0101a,584.716523,584.875863,w ah l,w ah l,584.757312 584.847312 584.874507,Match
s0101a,584.875863,585.048765,n aw,aw,585.048765,Mismatch
s0101a,585.048765,585.211495,b ah tq,b ah tq,585.121993 585.171491 585.211495,Match
s0101a,585.211495,585.528142,sh iy,sh iy,585.371514 585.528142,Match
s0101a,585.949207,586.18381,ah m,ah m,586.08346 586.18381,Match
s0101a,586.295009,586.588602,w aa ch t,w aa ch t,586.338404 586.406208 586.516125 586.588602,Match
s0101a,586.588602,586.764894,hh ih m,hh ih m,586.630641 586.691665 586.764894,Match
s0101a,586.764894,586.988648,s ow,s ow,586.880839 586.988648,Match
s0101a,586.988648,587.16833,w iy,w iy,587.036125 587.16833,Match
s0101a,587.266646,587.397509,n aw,n aw,587.300548 587.397509,Match
s0101a,587.397509,587.60838,hh ae v,hh ae v,587.481586 587.564307 587.60838,Match
s0101a,587.60838,588.007748,hh ih m,hh ih m,587.686125 587.8857 588.007748,Match
s0101a,588.073518,588.245741,ihn,ihn,588.245741,Match
s0101a,588.245741,588.326429,ih,ih,588.326429,Match
s0101a,588.326429,588.546793,d ey,d ey,588.41593 588.546793,Match
s0101a,588.546793,588.953619,k eh r,k eh r,588.710879 588.816125 588.953619,Match
s0101a,589.692687,590.024928,ah m,ah m,589.921866 590.024928,Match
s0101a,590.766708,590.886722,ih n,ih n,590.837225 590.886722,Match
s0101a,590.886722,591.313173,hh ih l y ah r d,hh ih l y ah r,590.956561 591.01555 591.059623 591.120647 591.200187 591.249476,Mismatch
s0101a,595.224847,595.484537,ow,ow,595.484537,Match
s0101a,595.595736,596.178854,d eh f n ah tq l iy,d eh f n ah tq l iy,595.723209 595.820847 595.888651 595.93069 595.967437 596.012055 596.036465 596.178854,Match
s0101a,596.954536,597.4595,d eh f n ah tq l iy,d eh f n ah tq l iy,597.001999 597.090145 597.172866 597.206769 597.238637 597.272539 597.353226 597.4595,Match
s0101a,619.380158,619.567298,ay,ay,619.567298,Match
s0101a,619.567298,619.764609,th ih ng,th ih ng,619.641883 619.734097 619.764609,Match
s0101a,619.764609,619.791731,ih,ih,619.791731,Match
s0101a,619.791731,619.917169,w ah z,w ah,619.822921 619.849364,Mismatch
s0101a,619.917169,620.172113,m ow r,m ow r,619.985651 620.081933 620.172113,Match
s0101a,620.172113,620.415531,jh uh s t,jh uh s t,620.237883 620.293483 620.349761 620.415531,Match
s0101a,620.415531,620.455536,uh,uh,620.455536,Match
s0101a,620.455536,620.825747,f ae m l iy,f ae m l iy,620.547125 620.663695 620.70709 620.761333 620.825747,Match
s0101a,620.825747,621.416324,p r ah f r ah n d z,p r ah f r ah n d z,620.973561 621.004751 621.052892 621.159345 621.224437 621.273256 621.326822 621.345129 621.416324,Match
s0101a,621.416324,621.606854,ay,ay,621.606854,Match
s0101a,621.606854,621.751955,ay,ay,621.751955,Match
s0101a,621.751955,622.19743,p er f er d,p er f er d,621.892988 621.941808 622.065212 622.137762 622.19743,Match
s0101a,622.19743,622.767665,f ae m l iy,f ae m l iy,622.277125 622.420507 622.503228 622.581881 622.767665,Match
s0101a,622.767665,623.087702,ah m,ah m,623.024644 623.087702,Match
